textDisplay,normalized,clean_comment,sentiment
KPK harus  siaga satu  !!!!!,kpk harus  siaga satu  !!!!!,kpk harus siaga satu,neutral
Berarti atas ijin Purbaya?,berarti atas ijin purbaya?,berarti atas ijin purbaya,neutral
Apakah sabar ini sudah sampai puncaknya?... Bukan indonesia gelap lagi ini tapi hancurr...,apakah sabar ini sudah sampai puncaknya?... bukan indonesia gelap lagi ini tapi hancurr...,apakah sabar ini sudah sampai puncaknya bukan indonesia gelap lagi ini tapi hancurr,negative
kapan nih KPK/Kejagung mau periksa dadan + purbaya...   ???,kapan nih kpk/kejagung mau periksa dadan + purbaya...   ???,kapan nih kpk kejagung mau periksa dadan purbaya,neutral
😂😂😂 korupsi anggaran MBG sudah direncanakan 😂😂😂,😂😂😂 korupsi anggaran mbg sudah direncanakan 😂😂😂,korupsi anggaran mbg sudah direncanakan,negative
MBG : PETAKA yang dimulai dari niat baik,mbg : petaka yang dimulai dari niat baik,mbg petaka yang dimulai dari niat baik,negative
Kpk mungkin ompong ...<br>Dan sepeda motor tdk orgen....tdk realistis...<br>Dan merugika APBN,kpk mungkin ompong ...<br>dan sepeda motor tidak orgen....tidak realistis...<br>dan merugika apbn,kpk mungkin ompong dan sepeda motor tidak orgen tidak realistis dan merugika apbn,negative
"Kepala BGN tp ahli entomologi, menteri ESDM tp lulusan sains ekonomi, meneteri kehutanan tp bukan lulusan kehutanan. Dah lahh.","kepala bgn tp ahli entomologi, menteri esdm tp lulusan sains ekonomi, meneteri kehutanan tp bukan lulusan kehutanan. dah lahh.",kepala bgn tp ahli entomologi menteri esdm tp lulusan sains ekonomi meneteri kehutanan tp bukan lulusan kehutanan dah lahh,negative
"rezim MBG sangat meresahkan, perlu dikasih paham lagi sama rakyat","rezim mbg sangat meresahkan, perlu dikasih paham lagi sama rakyat",rezim mbg sangat meresahkan perlu dikasih paham lagi sama rakyat,negative
Tunggulah akan ada akhir,tunggulah akan ada akhir,tunggulah akan ada akhir,negative
makin serakah dan rakus merampas dan merampok.... buat bekal nanti di lubang kubur...,makin serakah dan rakus merampas dan merampok.... buat bekal nanti di lubang kubur...,makin serakah dan rakus merampas dan merampok buat bekal nanti di lubang kubur,negative
"Rakyat disuruh hidup irit, sementara raja dan golongannya terus menghamburkan anggaran yg bikin APBN jebol! AYO JEBOLKAN APBN SEJEBOL JEBOLNYA SAMPAI INDONESIA BANGKRUT SEBANGKRUT BANGKRUTNYA! TERUSKANLAH WO!","rakyat disuruh hidup irit, sementara raja dan golongannya terus menghamburkan anggaran yang bikin apbn jebol! ayo jebolkan apbn sejebol jebolnya sampai indonesia bangkrut sebangkrut bangkrutnya! teruskanlah wo!",rakyat disuruh hidup irit sementara raja dan golongannya terus menghamburkan anggaran yang bikin apbn jebol ayo jebolkan apbn sejebol jebolnya sampai indonesia bangkrut sebangkrut bangkrutnya teruskanlah wo,negative
Kt menjauh ajuan dicoret kok msh import spd mtr listrik,kt menjauh ajuan dicoret kok msh import spd mtr listrik,kt menjauh ajuan dicoret kok msh import spd mtr listrik,neutral
Gak ngotak,gak ngotak,gak ngotak,negative
"gampang ajaaa, naikin aja isu fh ui beress lupa semua orang","gampang ajaaa, naikin aja isu fh ui beress lupa semua orang",gampang ajaaa naikin aja isu fh ui beress lupa semua orang,negative
Coba tanya gaji kepala mbg pusat biar rakyat tau. Berapa gaji dadang itu😂😂,coba tanya gaji kepala mbg pusat biar rakyat tau. berapa gaji dadang itu😂😂,coba tanya gaji kepala mbg pusat biar rakyat tau berapa gaji dadang itu,neutral
"Aturannya cuma satu, Wani Piro...?","aturannya cuma satu, wani piro...?",aturannya cuma satu wani piro,neutral
Sebutkan nama2 ikan?,sebutkan nama2 ikan?,sebutkan nama ikan,neutral
Korupsinya masif,korupsinya masif,korupsinya masif,negative
MBG program Pro dan ganda pemerintah di luar terlihat bagus dan Pro merakyat tapi didalam masih banyak hama &quot; untuk celah korupsi dan nepotisme wkwkw,mbg program pro dan ganda pemerintah di luar terlihat bagus dan pro merakyat tapi didalam masih banyak hama &quot; untuk celah korupsi dan nepotisme wkwkw,mbg program pro dan ganda pemerintah di luar terlihat bagus dan pro merakyat tapi didalam masih banyak hama quot untuk celah korupsi dan nepotisme wkwkw,negative
Bagaimana dengan peraturan pengadaan barang jasa pemerintah?,bagaimana dengan peraturan pengadaan barang jasa pemerintah?,bagaimana dengan peraturan pengadaan barang jasa pemerintah,neutral
"Mantaapppp..... pemerintah sangat bijak dlm menghamburkan uang rakyat.pemilik SPPG pun perlu dibantu, dibelikan motor listrik.","mantaapppp..... pemerintah sangat bijak dlm menghamburkan uang rakyat.pemilik sppg pun perlu dibantu, dibelikan motor listrik.",mantaapppp pemerintah sangat bijak dlm menghamburkan uang rakyat pemilik sppg pun perlu dibantu dibelikan motor listrik,neutral
Efiensi omon omon😂😂😂,efiensi omon omon😂😂😂,efiensi omon omon,neutral
Terimakasih pak prabowo dan semua jajaran terus berjuang demi rakyatmu dan NKRI ❤🇮🇩❤ Lanjutkan program MBG dan koperasi merah putih rakyat sangat membutuhkan ❤❤❤,terimakasih pak prabowo dan semua jajaran terus berjuang demi rakyatmu dan nkri ❤🇮🇩❤ lanjutkan program mbg dan koperasi merah putih rakyat sangat membutuhkan ❤❤❤,terimakasih pak prabowo dan semua jajaran terus berjuang demi rakyatmu dan nkri lanjutkan program mbg dan koperasi merah putih rakyat sangat membutuhkan,positive
Kira2 yang banyak gizi nya anak sekolah atau pejabat nya,kira2 yang banyak gizi nya anak sekolah atau pejabat nya,kira yang banyak gizi nya anak sekolah atau pejabat nya,positive
Yang penting Adaaaa...,yang penting adaaaa...,yang penting adaaaa,positive
Mau dibawa kemana Indonesia ini.....,mau dibawa kemana indonesia ini.....,mau dibawa kemana indonesia ini,negative
anomali baru kepala tokos bertubuh ompreng naik motor listrik,anomali baru kepala tokos bertubuh ompreng naik motor listrik,anomali baru kepala tokos bertubuh ompreng naik motor listrik,neutral
NKRI Lagi TDK baik2 saja.program presiden TDK ada yg berani menyentuh.bnyk kejanggalan disana.inikah janji Prabowo untuk rakyat,nkri lagi tidak baik2 saja.program presiden tidak ada yang berani menyentuh.bnyk kejanggalan disana.inikah janji prabowo untuk rakyat,nkri lagi tidak baik saja program presiden tidak ada yang berani menyentuh bnyk kejanggalan disana inikah janji prabowo untuk rakyat,negative
"Ini yg dinamakan perampokan secara terstruktur, sistematis dan masif . .dilakukan secara terang-terangan","ini yang dinamakan perampokan secara terstruktur, sistematis dan masif . .dilakukan secara terang-terangan",ini yang dinamakan perampokan secara terstruktur sistematis dan masif dilakukan secara terang terangan,negative
di alibaba harganya cuma 8-10jt tuh motor😹,di alibaba harganya cuma 8-10jt tuh motor😹,di alibaba harganya cuma jt tuh motor,negative
"yg dimakan siswa, satu porsi nya Rp 8000, yg dimakan espepege dan kawan-kawan, lebih gede.<br>logikanya gimana sih ?","yang dimakan siswa, satu porsi nya rp 8000, yang dimakan espepege dan kawan-kawan, lebih gede.<br>logikanya gimana sih ?",yang dimakan siswa satu porsi nya rp yang dimakan espepege dan kawan kawan lebih gede logikanya gimana sih,positive
Dahsyat sekali barang ini yang Namanya BGN..APAPUN BISA DI ACC ..,dahsyat sekali barang ini yang namanya bgn..apapun bisa di acc ..,dahsyat sekali barang ini yang namanya bgn apapun bisa di acc,positive
"Jika ada indikasi korupsi, sy yakin KPK tidak akan menagkapnya di pemerintahan sekarang karena ini program prioritas preseden nanti akan gaduh di masyarakat. Setelah pergantian pemerintahan, KPK pasti akan menangkap mereka semua.","jika ada indikasi korupsi, sy yakin kpk tidak akan menagkapnya di pemerintahan sekarang karena ini program prioritas preseden nanti akan gaduh di masyarakat. setelah pergantian pemerintahan, kpk pasti akan menangkap mereka semua.",jika ada indikasi korupsi sy yakin kpk tidak akan menagkapnya di pemerintahan sekarang karena ini program prioritas preseden nanti akan gaduh di masyarakat setelah pergantian pemerintahan kpk pasti akan menangkap mereka semua,negative
motornya bagus bgt buat nganter makanan doang,motornya bagus banget buat nganter makanan doang,motornya bagus banget buat nganter makanan doang,positive
Uang Rakyat di hambur*kan tidak jelas..! gila nih rezim skr.,uang rakyat di hambur*kan tidak jelas..! gila nih rezim skr.,uang rakyat di hambur kan tidak jelas gila nih rezim skr,negative
Bast barangnya selesai kapan tuh?<br>Perasaan barangnya masih di gudang. Dan pemberian kesempatan cuma sampai 90 hari setelah akhir tahun.,bast barangnya selesai kapan tuh?<br>perasaan barangnya masih di gudang. dan pemberian kesempatan cuma sampai 90 hari setelah akhir tahun.,bast barangnya selesai kapan tuh perasaan barangnya masih di gudang dan pemberian kesempatan cuma sampai hari setelah akhir tahun,negative
Nikmatilah dgn org yg kalian pilih dan puja puji,nikmatilah dengan org yang kalian pilih dan puja puji,nikmatilah dengan org yang kalian pilih dan puja puji,positive
EFISIENSI ❤❤❤❤,efisiensi ❤❤❤❤,efisiensi,neutral
orang sendiri jangan cocoba2 usik,orang sendiri jangan cocoba2 usik,orang sendiri jangan cocoba usik,negative
"silakan pura2 tuli, tunggu saja akumulasi kemarahan rakyat akan meledak nanti entah melalui demo dalam waktu dekat atau penenggwlaman rezim omon2 dan dinasti solo pada 2029. ayo mulai cerdas memilih di 2029 jangan mau politik uang, bansos, dan kasihan atau lucu lucuan.","silakan pura2 tuli, tunggu saja akumulasi kemarahan rakyat akan meledak nanti entah melalui demo dalam waktu dekat atau penenggwlaman rezim omon2 dan dinasti solo pada 2029. ayo mulai cerdas memilih di 2029 jangan mau politik uang, bansos, dan kasihan atau lucu lucuan.",silakan pura tuli tunggu saja akumulasi kemarahan rakyat akan meledak nanti entah melalui demo dalam waktu dekat atau penenggwlaman rezim omon dan dinasti solo pada ayo mulai cerdas memilih di jangan mau politik uang bansos dan kasihan atau lucu lucuan,negative
"Program MBG dapat apresiasi dari negara-negara yang tidak ingin Indonesia maju, sayangnya si Bowo gak sadar","program mbg dapat apresiasi dari negara-negara yang tidak ingin indonesia maju, sayangnya si bowo gak sadar",program mbg dapat apresiasi dari negara negara yang tidak ingin indonesia maju sayangnya si bowo gak sadar,positive
"Aku yakin motor listrik itu dlm waktu tiga tahun sdh remuk mesinnya,","aku yakin motor listrik itu dlm waktu tiga tahun sdh remuk mesinnya,",aku yakin motor listrik itu dlm waktu tiga tahun sdh remuk mesinnya,negative
"harga di ekatalog emang kadang gak ngotak harganya bisa 2 kali lipat harga pasar, tahu dah sisa lebihnya kemana<a href=""UCkszU2WH9gy1mb0dV-11UJg/KsIfY6LzFoLM6AKanYDQAg""></a>","harga di ekatalog emang kadang gak ngotak harganya bisa 2 kali lipat harga pasar, tahu dah sisa lebihnya kemana<a href=""uckszu2wh9gy1mb0dv-11ujg/ksify6lzfolm6akanydqag""></a>",harga di ekatalog emang kadang gak ngotak harganya bisa kali lipat harga pasar tahu dah sisa lebihnya kemana,positive
"Penggadaan Program ini sudah direncanakan,,, utk peluang korupsi lagi para elit penguasa di negeri ini,,,Uang dri rakyat tpi bukan utk mensejahterakan rakyat,,","penggadaan program ini sudah direncanakan,,, utk peluang korupsi lagi para elit penguasa di negeri ini,,,uang dri rakyat tpi bukan utk mensejahterakan rakyat,,",penggadaan program ini sudah direncanakan utk peluang korupsi lagi para elit penguasa di negeri ini uang dri rakyat tpi bukan utk mensejahterakan rakyat,negative
KPK mana KPK 😂😂<br>Kejagung mana Kejagung 😂😂🎉🎉,kpk mana kpk 😂😂<br>kejagung mana kejagung 😂😂🎉🎉,kpk mana kpk kejagung mana kejagung,neutral
"Pemborosan anggaran, disisi lain byk daerah yg program penting tdk jln kr snggaran negara byk ke MBG","pemborosan anggaran, disisi lain byk daerah yang program penting tidak jln kr snggaran negara byk ke mbg",pemborosan anggaran disisi lain byk daerah yang program penting tidak jln kr snggaran negara byk ke mbg,negative
Isinya bandit semua maling duit rakyat yg dilegalkan😂,isinya bandit semua maling duit rakyat yang dilegalkan😂,isinya bandit semua maling duit rakyat yang dilegalkan,negative
Program kesayangan presiden mana ada yg berani ganggu😂,program kesayangan presiden mana ada yang berani ganggu😂,program kesayangan presiden mana ada yang berani ganggu,negative
"😂tempo sebaiknya investigasi juga,.... Sppg itu baru ada pd november 2025 dgn perpres 115/2025 ttg tata kelola mbg, kok sdh ada anggarannya th 2025","😂tempo sebaiknya investigasi juga,.... sppg itu baru ada pd november 2025 dengan perpres 115/2025 ttg tata kelola mbg, kok sdh ada anggarannya th 2025",tempo sebaiknya investigasi juga sppg itu baru ada pd november dengan perpres ttg tata kelola mbg kok sdh ada anggarannya th,neutral
Bongkar bongkar bongkar sampai tuntas,bongkar bongkar bongkar sampai tuntas,bongkar bongkar bongkar sampai tuntas,negative
Batalkan motor listrik MBG karena mubazir Anggaran Triliunan Rupiah...dari mana datangnya motor listrik tiba tiba sudah ada .. seperti Misterius Honda Listrik.🤣,batalkan motor listrik mbg karena mubazir anggaran triliunan rupiah...dari mana datangnya motor listrik tiba tiba sudah ada .. seperti misterius honda listrik.🤣,batalkan motor listrik mbg karena mubazir anggaran triliunan rupiah dari mana datangnya motor listrik tiba tiba sudah ada seperti misterius honda listrik,negative
"DPR kok diam aja dgn kisruh MBG, memangnya DPR tdk tau?","dpr kok diam aja dengan kisruh mbg, memangnya dpr tidak tau?",dpr kok diam aja dengan kisruh mbg memangnya dpr tidak tau,negative
Pejabat jangan pura2 tak tau sok bersih semua satu kesatuan,pejabat jangan pura2 tak tau sok bersih semua satu kesatuan,pejabat jangan pura tak tau sok bersih semua satu kesatuan,negative
jadi ini kualitas jendral TNI yang di elu-elukan ? kualitasnya cuma sebatas makelar proyek,jadi ini kualitas jendral tni yang di elu-elukan ? kualitasnya cuma sebatas makelar proyek,jadi ini kualitas jendral tni yang di elu elukan kualitasnya cuma sebatas makelar proyek,negative
Pak Dadan pak Dadan.<br>Dulu ibunya ajarin apa sich?<br>Bapaknya ajarin apa?,pak dadan pak dadan.<br>dulu ibunya ajarin apa sich?<br>bapaknya ajarin apa?,pak dadan pak dadan dulu ibunya ajarin apa sich bapaknya ajarin apa,neutral
Pengadaan sepeda motor listrik oleh BGN mencurigakan. Dilakukan tanpa tender terbuka dan vendornya nggak jelas kredibilitasnya. Pihak KPK dan Kejagung wajib periksa BGN!.....😮,pengadaan sepeda motor listrik oleh bgn mencurigakan. dilakukan tanpa tender terbuka dan vendornya tidak jelas kredibilitasnya. pihak kpk dan kejagung wajib periksa bgn!.....😮,pengadaan sepeda motor listrik oleh bgn mencurigakan dilakukan tanpa tender terbuka dan vendornya tidak jelas kredibilitasnya pihak kpk dan kejagung wajib periksa bgn,negative
"abis Motor MBG trus Kaos Kaki MBG👉besok apa?Pengadaan Celana dalam, pembalut+ beha ber logo BGN ya?😅","abis motor mbg trus kaos kaki mbg👉besok apa?pengadaan celana dalam, pembalut+ beha ber logo bgn ya?😅",abis motor mbg trus kaos kaki mbgbesok apa pengadaan celana dalam pembalut beha ber logo bgn ya,neutral
Bebaskan semua koruptor sampe kutub selatan 😂,bebaskan semua koruptor sampe kutub selatan 😂,bebaskan semua koruptor sampe kutub selatan,negative
Paling panrikan china trus pasang logo baru😅,paling panrikan china trus pasang logo baru😅,paling panrikan china trus pasang logo baru,negative
Menteri Keuangan yang membuat aturan perlu ditangkap&amp;diperiksa,menteri keuangan yang membuat aturan perlu ditangkap&amp;diperiksa,menteri keuangan yang membuat aturan perlu ditangkap amp diperiksa,neutral
"@thoy1besde9an96 lah Menkeu nya kan si Purbaya, lupa kah bang","@thoy1besde9an96 lah menkeu nya kan si purbaya, lupa kah bang",thoybesdean lah menkeu nya kan si purbaya lupa kah bang,neutral
Inilah kebijakan yang semau gue.selalu membuat gaduh rakyat sampai anggota Dpr. Apakah separah ini semua kebijakan mengandung  ketitak beresan dlm mengelolah RAPBN UANG RAKYAT PEMBAYAR PAJAK.,inilah kebijakan yang semau gue.selalu membuat gaduh rakyat sampai anggota dpr. apakah separah ini semua kebijakan mengandung  ketitak beresan dlm mengelolah rapbn uang rakyat pembayar pajak.,inilah kebijakan yang semau gue selalu membuat gaduh rakyat sampai anggota dpr apakah separah ini semua kebijakan mengandung ketitak beresan dlm mengelolah rapbn uang rakyat pembayar pajak,negative
"Kalo bisa ga pake aturan, ngapain pake aturan? 😂","kalo bisa tidak pake aturan, ngapain pake aturan? 😂",kalo bisa tidak pake aturan ngapain pake aturan,negative
Di konoha ga butuh pendidikan yg di butuhkan cuma makan.<br>Padahal kalo pendidikan di kelola dg baik makan juga bakal tercukupi.,di konoha tidak butuh pendidikan yang di butuhkan cuma makan.<br>padahal kalo pendidikan di kelola dg baik makan juga bakal tercukupi.,di konoha tidak butuh pendidikan yang di butuhkan cuma makan padahal kalo pendidikan di kelola dg baik makan juga bakal tercukupi,positive
Intinya untuk program populis seperti MBG dan KDMP all in <br>dan uangnya pasti ada,intinya untuk program populis seperti mbg dan kdmp all in <br>dan uangnya pasti ada,intinya untuk program populis seperti mbg dan kdmp all in dan uangnya pasti ada,negative
Kayanya indo sudah ngga ada lembaga anti rasuah,kayanya indo sudah ngga ada lembaga anti rasuah,kayanya indo sudah ngga ada lembaga anti rasuah,negative
Badan Garong Nasional,badan garong nasional,badan garong nasional,neutral
Omon2 Mana Nih. Gembar gembor doang,omon2 mana nih. gembar gembor doang,omon mana nih gembar gembor doang,negative
"Rakyat protes, sementara DPR, kepolisian, kejaksaan &amp; institusi penegak hukum lainnya cuma diam maka artinya ada yang tidak beres","rakyat protes, sementara dpr, kepolisian, kejaksaan &amp; institusi penegak hukum lainnya cuma diam maka artinya ada yang tidak beres",rakyat protes sementara dpr kepolisian kejaksaan amp institusi penegak hukum lainnya cuma diam maka artinya ada yang tidak beres,negative
Nikmati aja,nikmati aja,nikmati aja,negative
Harusnya jd sasaran empuk lembaga anti rasuah tuh,harusnya jd sasaran empuk lembaga anti rasuah tuh,harusnya jd sasaran empuk lembaga anti rasuah tuh,negative
Barang ini nama globalnya Tinbot (pasar Amerika) dan Kollter (pasar Tiongkok). Kolaborasi made in Tiongkok - Jerman. Bisa dicek di Alibaba untuk spek yang sama harganya berapa 😂.,barang ini nama globalnya tinbot (pasar amerika) dan kollter (pasar tiongkok). kolaborasi made in tiongkok - jerman. bisa dicek di alibaba untuk spek yang sama harganya berapa 😂.,barang ini nama globalnya tinbot pasar amerika dan kollter pasar tiongkok kolaborasi made in tiongkok jerman bisa dicek di alibaba untuk spek yang sama harganya berapa,neutral
"Gimana mau memperbaiki gizi, terlalu banyak calo yang bermain di proyek MBG, <br>Saya salah satu korban nya, <br>Pertama mereka memesan ribuan kue dengan harga 2500/pcs.<br>Setelah jadi mendadak mereka minta harga dikurangi jadi 1500/pcs.<br>Padahal seluruh order sudah selesai dibuat.. <br>Penipuan ini udah di alami hampir seluruh UMKM. <br>Lapor polisi pun dari bulan Desember 2025 sampai sekarang gak di respon. <br>Kejadiannya di Bukittinggi- Sumatera Barat","gimana mau memperbaiki gizi, terlalu banyak calo yang bermain di proyek mbg, <br>saya salah satu korban nya, <br>pertama mereka memesan ribuan kue dengan harga 2500/pcs.<br>setelah jadi mendadak mereka minta harga dikurangi jadi 1500/pcs.<br>padahal seluruh order sudah selesai dibuat.. <br>penipuan ini udah di alami hampir seluruh umkm. <br>lapor polisi pun dari bulan desember 2025 sampai sekarang gak di respon. <br>kejadiannya di bukittinggi- sumatera barat",gimana mau memperbaiki gizi terlalu banyak calo yang bermain di proyek mbg saya salah satu korban nya pertama mereka memesan ribuan kue dengan harga pcs setelah jadi mendadak mereka minta harga dikurangi jadi pcs padahal seluruh order sudah selesai dibuat penipuan ini udah di alami hampir seluruh umkm lapor polisi pun dari bulan desember sampai sekarang gak di respon kejadiannya di bukittinggi sumatera barat,negative
"Harga motornya puluhan juta, harga makannya puluhan ribu 😂","harga motornya puluhan juta, harga makannya puluhan ribu 😂",harga motornya puluhan juta harga makannya puluhan ribu,neutral
Habis Prabowo Terbitlah penangkapan koruptors,habis prabowo terbitlah penangkapan koruptors,habis prabowo terbitlah penangkapan koruptors,negative
"Bukti bahwa sebenarnya Indonesia sangat kaya &amp; bisa menjadi negara dengan infrastruktur yg maju, asal duitnya tidak dikorupsi,","bukti bahwa sebenarnya indonesia sangat kaya &amp; bisa menjadi negara dengan infrastruktur yang maju, asal duitnya tidak dikorupsi,",bukti bahwa sebenarnya indonesia sangat kaya amp bisa menjadi negara dengan infrastruktur yang maju asal duitnya tidak dikorupsi,negative
Kepala BGN org sakti <br>Siapanya prabowo?,kepala bgn org sakti <br>siapanya prabowo?,kepala bgn org sakti siapanya prabowo,neutral
"Memiliki armada sendiri memastikan distribusi makanan tidak tergantung pada pihak ketiga. Dengan motor operasional resmi, jadwal pengiriman ke sekolah-sekolah bisa lebih disiplin dan terjamin ketepatannya","memiliki armada sendiri memastikan distribusi makanan tidak tergantung pada pihak ketiga. dengan motor operasional resmi, jadwal pengiriman ke sekolah-sekolah bisa lebih disiplin dan terjamin ketepatannya",memiliki armada sendiri memastikan distribusi makanan tidak tergantung pada pihak ketiga dengan motor operasional resmi jadwal pengiriman ke sekolah sekolah bisa lebih disiplin dan terjamin ketepatannya,positive
"Kementerian lain dan pemerintah daerah di efsiensi , BGN malah menghamburkan anggaran gak jelas","kementerian lain dan pemerintah daerah di efsiensi , bgn malah menghamburkan anggaran gak jelas",kementerian lain dan pemerintah daerah di efsiensi bgn malah menghamburkan anggaran gak jelas,negative
Mobil juga sudah cukup kalee,mobil juga sudah cukup kalee,mobil juga sudah cukup kalee,positive
Semoga cepet lengser presiden lol yg 1 ini,semoga cepet lengser presiden lol yang 1 ini,semoga cepet lengser presiden lol yang ini,negative
Mbg ..................motor<br>Koperasi ...........monil<br>Tender 😂😂😂😂😂,mbg ..................motor<br>koperasi ...........monil<br>tender 😂😂😂😂😂,mbg motorkoperasi moniltender,neutral
"Sama prabowo gak ngaruh semua aturan.<br>Kalau gak sesuai aturan, aturannya yg  di rubah😂","sama prabowo gak ngaruh semua aturan.<br>kalau gak sesuai aturan, aturannya yang  di rubah😂",sama prabowo gak ngaruh semua aturan kalau gak sesuai aturan aturannya yang di rubah,negative
"Jauh Jauh mau Mengejar Korupsi ke Antartika, yang dekat nya saja dibiarkan seperti ini, sungguh terlalu","jauh jauh mau mengejar korupsi ke antartika, yang dekat nya saja dibiarkan seperti ini, sungguh terlalu",jauh jauh mau mengejar korupsi ke antartika yang dekat nya saja dibiarkan seperti ini sungguh terlalu,negative
Kok bisa ya ??,kok bisa ya ??,kok bisa ya,negative
Molis uwinfly 18 jt udah ma btrai...<br><br>Dengan pesanan 20 rb unit uwinfly bz bkin model bgtu,molis uwinfly 18 jt udah ma btrai...<br><br>dengan pesanan 20 rb unit uwinfly bz bkin model bgtu,molis uwinfly jt udah ma btrai dengan pesanan rb unit uwinfly bz bkin model bgtu,neutral
Prabowo ini buta apa bisa melihat. Sudah jelas sejelas jelasnya. Bahwasanya MBG itu korupsi nyata. Gaji TDK sesuai kerja. Kerja 3jam gaji 100 keatas. Yg kerja rata&quot; antek&quot; pemerintah desa. Nyata fakta,prabowo ini buta apa bisa melihat. sudah jelas sejelas jelasnya. bahwasanya mbg itu korupsi nyata. gaji tidak sesuai kerja. kerja 3jam gaji 100 keatas. yang kerja rata&quot; antek&quot; pemerintah desa. nyata fakta,prabowo ini buta apa bisa melihat sudah jelas sejelas jelasnya bahwasanya mbg itu korupsi nyata gaji tidak sesuai kerja kerja jam gaji keatas yang kerja rata quot antek quot pemerintah desa nyata fakta,negative
"Klau Pengadaan MBG ditrskan, Artinya negara ini tidak defisit, dan rakyat berhak menuntut apapun dr pemerintah , jgn lg ada efisiensi dimnapun. BGN sdh tdk sehat, ubah Sistem MBG dr atas sampai bawah.","klau pengadaan mbg ditrskan, artinya negara ini tidak defisit, dan rakyat berhak menuntut apapun dr pemerintah , jgn lg ada efisiensi dimnapun. bgn sdh tidak sehat, ubah sistem mbg dr atas sampai bawah.",klau pengadaan mbg ditrskan artinya negara ini tidak defisit dan rakyat berhak menuntut apapun dr pemerintah jgn lg ada efisiensi dimnapun bgn sdh tidak sehat ubah sistem mbg dr atas sampai bawah,negative
"Banyak pola ini itu buat proyek mbg ya.., udah banyak pake uang rakyat. Korupsi masih ada aja.. negara banyak² in hutang buat anggaran yg gak bermutu","banyak pola ini itu buat proyek mbg ya.., udah banyak pake uang rakyat. korupsi masih ada aja.. negara banyak² in hutang buat anggaran yang gak bermutu",banyak pola ini itu buat proyek mbg ya udah banyak pake uang rakyat korupsi masih ada aja negara banyak in hutang buat anggaran yang gak bermutu,negative
Ini gila bener,ini gila bener,ini gila bener,negative
jago bener main sulappp,jago bener main sulappp,jago bener main sulappp,positive
Perencanaan pengadaan seenak dewe...,perencanaan pengadaan seenak dewe...,perencanaan pengadaan seenak dewe,positive
PMKnya aja tahun 2025. brrti peraturan pencairannya memang sengaja dibuat untuk pengadaan ini. ckck.,pmknya aja tahun 2025. brrti peraturan pencairannya memang sengaja dibuat untuk pengadaan ini. ckck.,pmknya aja tahun brrti peraturan pencairannya memang sengaja dibuat untuk pengadaan ini ckck,negative
Inget gak pernah ada pejabat gemoy bilang bhwa indonesia akan bubar di 2030?<br>Jngan2 dia jga pelakunya,inget gak pernah ada pejabat gemoy bilang bhwa indonesia akan bubar di 2030?<br>jngan2 dia jga pelakunya,inget gak pernah ada pejabat gemoy bilang bhwa indonesia akan bubar di jngan dia jga pelakunya,negative
Zolim,zolim,zolim,negative
Prabowo Subianto liat ni kok gini tujuan MBG buat makan kenapa uang nya di habur hamburkan enak banget  MBG dapat gaji6 juta sehari dapat motor trail motor baru juga nanti  pasti minta  mobil MBG baru terus minta apartemen baru negara ini me anak emas kan MBG enak enak banget gak urgensi,prabowo subianto liat ni kok gini tujuan mbg buat makan kenapa uang nya di habur hamburkan enak banget  mbg dapat gaji6 juta sehari dapat motor trail motor baru juga nanti  pasti minta  mobil mbg baru terus minta apartemen baru negara ini me anak emas kan mbg enak enak banget gak urgensi,prabowo subianto liat ni kok gini tujuan mbg buat makan kenapa uang nya di habur hamburkan enak banget mbg dapat gaji juta sehari dapat motor trail motor baru juga nanti pasti minta mobil mbg baru terus minta apartemen baru negara ini me anak emas kan mbg enak enak banget gak urgensi,positive
"BOM WAKTU itu BERUPA kekecewaan rakyat, akibat para PEJABAT yang BUTA MATA HATINYA","bom waktu itu berupa kekecewaan rakyat, akibat para pejabat yang buta mata hatinya",bom waktu itu berupa kekecewaan rakyat akibat para pejabat yang buta mata hatinya,negative
"dari semua era politik di indonesia, BGN ini gk ada perkembangannya. tetap saja kekurangan gizi di 3T dan tempat lainnya. dan giliran dikasih panggung malah makin ngaco, malah kementrian 3T dari kantor, akomodasi, infrastrukturnya buruk banget loh dari kementrian lain yang berjejer di monas. Seakan akan emang daerah 3T emang harus tertinggal.","dari semua era politik di indonesia, bgn ini tidak ada perkembangannya. tetap saja kekurangan gizi di 3t dan tempat lainnya. dan giliran dikasih panggung malah makin ngaco, malah kementrian 3t dari kantor, akomodasi, infrastrukturnya buruk banget loh dari kementrian lain yang berjejer di monas. seakan akan emang daerah 3t emang harus tertinggal.",dari semua era politik di indonesia bgn ini tidak ada perkembangannya tetap saja kekurangan gizi di t dan tempat lainnya dan giliran dikasih panggung malah makin ngaco malah kementrian t dari kantor akomodasi infrastrukturnya buruk banget loh dari kementrian lain yang berjejer di monas seakan akan emang daerah t emang harus tertinggal,negative
Perinsip ku seharus nya membagikan mbg nya ngga usah pake mobil mending pake motor pastinya<br>Yg lain ikut kebagian pekerjaan (@prabowo Subianto),perinsip ku seharus nya membagikan mbg nya ngga usah pake mobil mending pake motor pastinya<br>yang lain ikut kebagian pekerjaan (@prabowo subianto),perinsip ku seharus nya membagikan mbg nya ngga usah pake mobil mending pake motor pastinyayang lain ikut kebagian pekerjaan prabowo subianto,positive
"PAK JAKSA, PPATK,KPK,PENYIDIK POLRI, SIAPA SAJA AUIDT NIH ORANG.. ANGGARAN KITA DEFISIT TAPI NIH ORANG DENGAN GAMPANGNYA HAMBURIN UANG KITA . LU SEMUA HARUS SADAR GAJI KALIAN DARI APBN KALO DEFISIT KALIAN KERJA GAK BAKALAN DIGAJIH","pak jaksa, ppatk,kpk,penyidik polri, siapa saja auidt nih orang.. anggaran kita defisit tapi nih orang dengan gampangnya hamburin uang kita . lu semua harus sadar gaji kalian dari apbn kalo defisit kalian kerja gak bakalan digajih",pak jaksa ppatk kpk penyidik polri siapa saja auidt nih orang anggaran kita defisit tapi nih orang dengan gampangnya hamburin uang kita lu semua harus sadar gaji kalian dari apbn kalo defisit kalian kerja gak bakalan digajih,negative
Jauh lebih baik Program PENDIDIKAN Gratis sampai UNIVERSITAS dan KESEHATAN Gratis,jauh lebih baik program pendidikan gratis sampai universitas dan kesehatan gratis,jauh lebih baik program pendidikan gratis sampai universitas dan kesehatan gratis,positive
Kiamat baru pmimpin pejabat indon selese  dunia ini sudah panas  perbuatan kedoliman semangkin meningkat keserakaan meraja lelah di muka bumi kiamat kehancuran semangkin dekat mari kita kuatkan iman kita ke . Alloh bertobat.sebelum kiamat datang  harta bukan apa2hanya ke imanan ke . Alloh yg.berguna untuk kita semua,kiamat baru pmimpin pejabat indon selese  dunia ini sudah panas  perbuatan kedoliman semangkin meningkat keserakaan meraja lelah di muka bumi kiamat kehancuran semangkin dekat mari kita kuatkan iman kita ke . alloh bertobat.sebelum kiamat datang  harta bukan apa2hanya ke imanan ke . alloh yang.berguna untuk kita semua,kiamat baru pmimpin pejabat indon selese dunia ini sudah panas perbuatan kedoliman semangkin meningkat keserakaan meraja lelah di muka bumi kiamat kehancuran semangkin dekat mari kita kuatkan iman kita ke alloh bertobat sebelum kiamat datang harta bukan apahanya ke imanan ke alloh yang berguna untuk kita semua,negative
Rakyat susah dia malah foya²dari pajak rakyat.idiot habis,rakyat susah dia malah foya²dari pajak rakyat.idiot habis,rakyat susah dia malah foyadari pajak rakyat idiot habis,negative
Jalan nang kampungku rusak parah pak  mending buat perbaiki jalan 😢,jalan nang kampungku rusak parah pak  mending buat perbaiki jalan 😢,jalan nang kampungku rusak parah pak mending buat perbaiki jalan,negative
"Proyek ini suatu hari nanti  akan mencuat kembali , dan akan membawa banyak korban yg bakal nongkrong di bui. Kita lihat saja nsnti.","proyek ini suatu hari nanti  akan mencuat kembali , dan akan membawa banyak korban yang bakal nongkrong di bui. kita lihat saja nsnti.",proyek ini suatu hari nanti akan mencuat kembali dan akan membawa banyak korban yang bakal nongkrong di bui kita lihat saja nsnti,negative
Tunggu saja Negara Bangkrut.,tunggu saja negara bangkrut.,tunggu saja negara bangkrut,negative
"Baru motor netesen sudah lebay Gubenur saya di kaltim makek range rover 8,49 M biasa aja.","baru motor netesen sudah lebay gubenur saya di kaltim makek range rover 8,49 m biasa aja.",baru motor netesen sudah lebay gubenur saya di kaltim makek range rover m biasa aja,negative
Itulah kenapa di ciptakan surga dan neraka karena pengadilan dunia tdk pernah adil contoh kepala BGN ini sehingga purbaya pun tunduk..,itulah kenapa di ciptakan surga dan neraka karena pengadilan dunia tidak pernah adil contoh kepala bgn ini sehingga purbaya pun tunduk..,itulah kenapa di ciptakan surga dan neraka karena pengadilan dunia tidak pernah adil contoh kepala bgn ini sehingga purbaya pun tunduk,negative
Program yg menyerap dana APBN besar yg tanpa UU namanya merampok  atau perampokan,program yang menyerap dana apbn besar yang tanpa uu namanya merampok  atau perampokan,program yang menyerap dana apbn besar yang tanpa uu namanya merampok atau perampokan,negative
Lebih mengerikan dari BOM NUKLIR...,lebih mengerikan dari bom nuklir...,lebih mengerikan dari bom nuklir,negative
Emang masih ada aturan buat mereka mereka ini  ?,emang masih ada aturan buat mereka mereka ini  ?,emang masih ada aturan buat mereka mereka ini,negative
Modal utk 2029. Siapa yg ga suka Sm sy mari kita duel di 2029. Kata si Ono 🤣🤣🤣,modal utk 2029. siapa yang tidak suka sm sy mari kita duel di 2029. kata si ono 🤣🤣🤣,modal utk siapa yang tidak suka sm sy mari kita duel di kata si ono,negative
Kebijakan bar bar,kebijakan bar bar,kebijakan bar bar,neutral
"Sebenarnya si Dadan ini kurang ajar.<br>Dia berkali-kali nipu Prabowo.<br>Soal motong sapi 19 ribu sehari.<br>Soal ikan lele goreng.<br>Soal SPPG.<br>Sekarang soal motor.<br>Tapi entah kenapa, Prabowo seperti gak punya nyali dihadapan Dadan. Entah rahasia apa yang dipegang Dadan sampai Prabowo diam saja.","sebenarnya si dadan ini kurang ajar.<br>dia berkali-kali nipu prabowo.<br>soal motong sapi 19 ribu sehari.<br>soal ikan lele goreng.<br>soal sppg.<br>sekarang soal motor.<br>tapi entah kenapa, prabowo seperti gak punya nyali dihadapan dadan. entah rahasia apa yang dipegang dadan sampai prabowo diam saja.",sebenarnya si dadan ini kurang ajar dia berkali kali nipu prabowo soal motong sapi ribu sehari soal ikan lele goreng soal sppg sekarang soal motor tapi entah kenapa prabowo seperti gak punya nyali dihadapan dadan entah rahasia apa yang dipegang dadan sampai prabowo diam saja,negative
"2,4 triliyun masuk kantong pribadi Kepala BGN Dadan Hidayana","2,4 triliyun masuk kantong pribadi kepala bgn dadan hidayana",triliyun masuk kantong pribadi kepala bgn dadan hidayana,neutral
"emang kepala SPPG blusukan ke pelosok2 ? kenapa kepala SPPG dalam menjalankan tugasnya, harus BGN yang turun tangan dalam menyiapkan motornya? emang kepala SPPG nya gak mampu ? ntar tahun depan bakalan dapat mobil 4x4 lagi kepala SPPG nya.","emang kepala sppg blusukan ke pelosok2 ? kenapa kepala sppg dalam menjalankan tugasnya, harus bgn yang turun tangan dalam menyiapkan motornya? emang kepala sppg nya gak mampu ? ntar tahun depan bakalan dapat mobil 4x4 lagi kepala sppg nya.",emang kepala sppg blusukan ke pelosok kenapa kepala sppg dalam menjalankan tugasnya harus bgn yang turun tangan dalam menyiapkan motornya emang kepala sppg nya gak mampu ntar tahun depan bakalan dapat mobil x lagi kepala sppg nya,negative
"Mantap.......,,,, sekalian sama rumahnya juga.... Sediakan..... Korupsi yg g kepalang","mantap.......,,,, sekalian sama rumahnya juga.... sediakan..... korupsi yang g kepalang",mantap sekalian sama rumahnya juga sediakan korupsi yang g kepalang,negative
"Jangan pusing2, 2029, ganti president,,","jangan pusing2, 2029, ganti president,,",jangan pusing ganti president,negative
"Korupsi yg ssdah lama terencana,,","korupsi yang ssdah lama terencana,,",korupsi yang ssdah lama terencana,negative
Hayo kpk jaksa diperiksa itu yg menang tender n pejabat pembuat komitmen nya 😂,hayo kpk jaksa diperiksa itu yang menang tender n pejabat pembuat komitmen nya 😂,hayo kpk jaksa diperiksa itu yang menang tender n pejabat pembuat komitmen nya,neutral
"Marilah rakyat Indonesia.. wujudkan Indonesia yang Ochlocracy..<br>Jarah seluruh fasilitas dan dapur2 itu.. curi semua mobil dan motor MBG sekala massif.. polisi dan penegak hukum tidak akan punya tangan sebanyak itu untuk mengurus jika terjadi dalam sekala besar dan nasional..<br><br>Kehancuran harus diwujudkan oleh rakyat, percepat kehancuran Indonesia sebelum dihancurkan oleh pemerintah rezim ini","marilah rakyat indonesia.. wujudkan indonesia yang ochlocracy..<br>jarah seluruh fasilitas dan dapur2 itu.. curi semua mobil dan motor mbg sekala massif.. polisi dan penegak hukum tidak akan punya tangan sebanyak itu untuk mengurus jika terjadi dalam sekala besar dan nasional..<br><br>kehancuran harus diwujudkan oleh rakyat, percepat kehancuran indonesia sebelum dihancurkan oleh pemerintah rezim ini",marilah rakyat indonesia wujudkan indonesia yang ochlocracy jarah seluruh fasilitas dan dapur itu curi semua mobil dan motor mbg sekala massif polisi dan penegak hukum tidak akan punya tangan sebanyak itu untuk mengurus jika terjadi dalam sekala besar dan nasional kehancuran harus diwujudkan oleh rakyat percepat kehancuran indonesia sebelum dihancurkan oleh pemerintah rezim ini,negative
Efisiensi taek,efisiensi taek,efisiensi taek,negative
"nanti akan ada motor MBG di gunakan buat jalan-jalan keluarga,,,,<br>mau bagaimana lagi<br>memang beginilah negeri kita","nanti akan ada motor mbg di gunakan buat jalan-jalan keluarga,,,,<br>mau bagaimana lagi<br>memang beginilah negeri kita",nanti akan ada motor mbg di gunakan buat jalan jalan keluarga mau bagaimana lagimemang beginilah negeri kita,negative
Kroninya prabowo nggak ada yang beres kebanyakan alasan buat korupsi,kroninya prabowo tidak ada yang beres kebanyakan alasan buat korupsi,kroninya prabowo tidak ada yang beres kebanyakan alasan buat korupsi,negative
"Untuk operasional gmna kepala SPPG nya jg Deket dengan dapur SPPG, apa memang tujuannya untuk ngabisin duit rakyat","untuk operasional gmna kepala sppg nya jg deket dengan dapur sppg, apa memang tujuannya untuk ngabisin duit rakyat",untuk operasional gmna kepala sppg nya jg deket dengan dapur sppg apa memang tujuannya untuk ngabisin duit rakyat,neutral
APAKAH MALING BERKEDOK GIZI LAGI BERAKSI?,apakah maling berkedok gizi lagi beraksi?,apakah maling berkedok gizi lagi beraksi,negative
ya alloh orang yg yg menyusahkan rakyat .kasih azab .,ya alloh orang yang yang menyusahkan rakyat .kasih azab .,ya alloh orang yang yang menyusahkan rakyat kasih azab,negative
mbg makin brengsek .orang pd keracunan tdk dianggap .makin dikasih motor mangkin tambah keracunan .itu dah alloh yg kasih szab .,mbg makin brengsek .orang pd keracunan tidak dianggap .makin dikasih motor mangkin tambah keracunan .itu dah alloh yang kasih szab .,mbg makin brengsek orang pd keracunan tidak dianggap makin dikasih motor mangkin tambah keracunan itu dah alloh yang kasih szab,negative
Pemborosan  uang negara,pemborosan  uang negara,pemborosan uang negara,neutral
Yg salah itu yg dulu pilih oke² gas 😂,yang salah itu yang dulu pilih oke² gas 😂,yang salah itu yang dulu pilih oke gas,negative
"Kayaknya indonesia mau ditenggelamkan oleh pejabatnya sendiri,terserah kalianlah .....lakukan apa aja yg kalian mau","kayaknya indonesia mau ditenggelamkan oleh pejabatnya sendiri,terserah kalianlah .....lakukan apa aja yang kalian mau",kayaknya indonesia mau ditenggelamkan oleh pejabatnya sendiri terserah kalianlah lakukan apa aja yang kalian mau,negative
"Terus mbg tuh mending 1 minggu 2x / 3x jadi ga mubazirr, sayang bgt","terus mbg tuh mending 1 minggu 2x / 3x jadi tidak mubazirr, sayang banget",terus mbg tuh mending minggu x x jadi tidak mubazirr sayang banget,positive
"mbg dalam realisasinya tuh banyak yg ga kemakan, karena kalo tiap hari bosen, akhirnya mubazir jjur sayang banget nasi sama lauknya","mbg dalam realisasinya tuh banyak yang tidak kemakan, karena kalo tiap hari bosen, akhirnya mubazir jjur sayang banget nasi sama lauknya",mbg dalam realisasinya tuh banyak yang tidak kemakan karena kalo tiap hari bosen akhirnya mubazir jjur sayang banget nasi sama lauknya,positive
sdh sgt muuak dg  maling duit rkyt yg sepertinya g bisa kenyang maling trs2an,sdh sgt muuak dg  maling duit rkyt yang sepertinya g bisa kenyang maling trs2an,sdh sgt muuak dg maling duit rkyt yang sepertinya g bisa kenyang maling trsan,negative
"Ayo kpk diusut proyek MBG, berani gak?","ayo kpk diusut proyek mbg, berani gak?",ayo kpk diusut proyek mbg berani gak,negative
Mending dipakai buat guru guru yang mengajar di daerah terpencil!,mending dipakai buat guru guru yang mengajar di daerah terpencil!,mending dipakai buat guru guru yang mengajar di daerah terpencil,negative
"<b>HERAN BENER DAH SAMA KPK, KENAPA GK INISIATIF UNTUK MEMERIKSA KEPALA BGN?? INDIKASI K ARAH &quot;ITU&quot; SDH CUKUP MENONJOL LOHHH..</b>","<b>heran bener dah sama kpk, kenapa tidak inisiatif untuk memeriksa kepala bgn?? indikasi k arah &quot;itu&quot; sdh cukup menonjol lohhh..</b>",heran bener dah sama kpk kenapa tidak inisiatif untuk memeriksa kepala bgn indikasi k arah quot itu quot sdh cukup menonjol lohhh,negative
Angkat jempolnya spa yg setuju Prabowo Gibran mundur ☝️,angkat jempolnya spa yang setuju prabowo gibran mundur ☝️,angkat jempolnya spa yang setuju prabowo gibran mundur,positive
BGN itu aman soalnya di jadiin sarana utk persiapan 2029 hahahahaha,bgn itu aman soalnya di jadiin sarana utk persiapan 2029 hahahahaha,bgn itu aman soalnya di jadiin sarana utk persiapan hahahahaha,positive
REZIM SAMPAH =PS08FUFUFAFA JELAS DIATURAN PENGADAAN BARANG JASA JELAS TEGAS TERANG BENDERANG INI BUKAN BARANG YG TAK BISA DIPRODUKSI DLM NEGERI APALAGI INI BERJUMLAH RIBUAN INI SDH MELANGGAR UU APALAGI KOMPONEN DLM NEGERI 0 % KPK =KOMISI KORUPSI POLITIK KOK DIAM SERIBU 1001% HANYA KRN DIKTATOR TAKUT,rezim sampah =ps08fufufafa jelas diaturan pengadaan barang jasa jelas tegas terang benderang ini bukan barang yang tak bisa diproduksi dlm negeri apalagi ini berjumlah ribuan ini sdh melanggar uu apalagi komponen dlm negeri 0 % kpk =komisi korupsi politik kok diam seribu 1001% hanya krn diktator takut,rezim sampah psfufufafa jelas diaturan pengadaan barang jasa jelas tegas terang benderang ini bukan barang yang tak bisa diproduksi dlm negeri apalagi ini berjumlah ribuan ini sdh melanggar uu apalagi komponen dlm negeri kpk komisi korupsi politik kok diam seribu hanya krn diktator takut,negative
MBG : Motor Buat Gaya,mbg : motor buat gaya,mbg motor buat gaya,neutral
"Pola rampok, Beli produk tidak jelas, harga abu abu, Triliunan PL, dasar rampok.","pola rampok, beli produk tidak jelas, harga abu abu, triliunan pl, dasar rampok.",pola rampok beli produk tidak jelas harga abu abu triliunan pl dasar rampok,negative
"Pejabat di negara ini tdk perduli dgn kritikan, cuek, masa bodoh.<br>Negara ini merasa ekonomi nya masih tangguh, tapi rakyat kesulitan mencari kerja, pengangguran meningkat, buat makan aja susah.<br>Begitulah para koruptor dan mafia bekerja.","pejabat di negara ini tidak perduli dengan kritikan, cuek, masa bodoh.<br>negara ini merasa ekonomi nya masih tangguh, tapi rakyat kesulitan mencari kerja, pengangguran meningkat, buat makan aja susah.<br>begitulah para koruptor dan mafia bekerja.",pejabat di negara ini tidak perduli dengan kritikan cuek masa bodoh negara ini merasa ekonomi nya masih tangguh tapi rakyat kesulitan mencari kerja pengangguran meningkat buat makan aja susah begitulah para koruptor dan mafia bekerja,negative
Periksaaaaa,periksaaaaa,periksaaaaa,negative
Pakai anggaran 2025. Merencanakan pengadaan untuk di denda keterlambatan karena penyelesaiannya di 2026,pakai anggaran 2025. merencanakan pengadaan untuk di denda keterlambatan karena penyelesaiannya di 2026,pakai anggaran merencanakan pengadaan untuk di denda keterlambatan karena penyelesaiannya di,neutral
MBG proyek tak masuk akal dan sangat mudah di akal akali 😂😂😂,mbg proyek tak masuk akal dan sangat mudah di akal akali 😂😂😂,mbg proyek tak masuk akal dan sangat mudah di akal akali,negative
"Harga motor scoopy aja, yg spesifikasinya udah bagus banget harganya -+ sekitar 25jta. Ini belum jelas spesifikasinya, harganya 42jta. Seandainya 1jta aja perorang korupsi untuk perunitnya × 21rbu unit, udah dapet 21M itu perorang. Enak banget jadi pejabat","harga motor scoopy aja, yang spesifikasinya udah bagus banget harganya -+ sekitar 25jta. ini belum jelas spesifikasinya, harganya 42jta. seandainya 1jta aja perorang korupsi untuk perunitnya × 21rbu unit, udah dapet 21m itu perorang. enak banget jadi pejabat",harga motor scoopy aja yang spesifikasinya udah bagus banget harganya sekitar jta ini belum jelas spesifikasinya harganya jta seandainya jta aja perorang korupsi untuk perunitnya rbu unit udah dapet m itu perorang enak banget jadi pejabat,negative
ladang korupsi baru...,ladang korupsi baru...,ladang korupsi baru,negative
"Astaghfirullah.. demi Allah ini orang ga selesai2 yaaa ngehabisin uang negara, ga ada malu2nya jg..","astaghfirullah.. demi allah ini orang tidak selesai2 yaaa ngehabisin uang negara, tidak ada malu2nya jg..",astaghfirullah demi allah ini orang tidak selesai yaaa ngehabisin uang negara tidak ada malunya jg,negative
Lama2 rakyat muak atas kebijakan pemerintah,lama2 rakyat muak atas kebijakan pemerintah,lama rakyat muak atas kebijakan pemerintah,negative
Jelas2 cari fee <br>Korupsi terang2an kenapa DPR dan KPK diam saja,jelas2 cari fee <br>korupsi terang2an kenapa dpr dan kpk diam saja,jelas cari fee korupsi terangan kenapa dpr dan kpk diam saja,negative
Daripada pajak di gunakan sembarangan lebih baik kita bayar pajak ke desa masing2 supaya kita bisa membantu saudara2 kita yang miskin,daripada pajak di gunakan sembarangan lebih baik kita bayar pajak ke desa masing2 supaya kita bisa membantu saudara2 kita yang miskin,daripada pajak di gunakan sembarangan lebih baik kita bayar pajak ke desa masing supaya kita bisa membantu saudara kita yang miskin,negative
"Indonesia pemerintah nya sedang mumet..<br>Kendaraan dinas Pemkab/Pemkot pada di lelang untuk mengurangi anggaran BBM dan efisiensi untuk mengurangi biaya perawatan dll.sekarang malah pengadaan kendaraan baru buat MBG.. republik dengan pemimpin baik dan pikiran bijak,tapi di kelilingi pejabat gendeng ..","indonesia pemerintah nya sedang mumet..<br>kendaraan dinas pemkab/pemkot pada di lelang untuk mengurangi anggaran bbm dan efisiensi untuk mengurangi biaya perawatan dll.sekarang malah pengadaan kendaraan baru buat mbg.. republik dengan pemimpin baik dan pikiran bijak,tapi di kelilingi pejabat gendeng ..",indonesia pemerintah nya sedang mumet kendaraan dinas pemkab pemkot pada di lelang untuk mengurangi anggaran bbm dan efisiensi untuk mengurangi biaya perawatan dll sekarang malah pengadaan kendaraan baru buat mbg republik dengan pemimpin baik dan pikiran bijak tapi di kelilingi pejabat gendeng,negative
"Proyek MBG adalah bentuk, Korupsi yang disahkan Negara. coba di evaluasi. pajak rakyat dinaikkan, uang nya digunakan untuk bikin gemuk kepala Dapur.","proyek mbg adalah bentuk, korupsi yang disahkan negara. coba di evaluasi. pajak rakyat dinaikkan, uang nya digunakan untuk bikin gemuk kepala dapur.",proyek mbg adalah bentuk korupsi yang disahkan negara coba di evaluasi pajak rakyat dinaikkan uang nya digunakan untuk bikin gemuk kepala dapur,negative
Guru ASN paruh waktu Marwah kalian hina banget ...<br>Kalian di anggap di bawah mbg,guru asn paruh waktu marwah kalian hina banget ...<br>kalian di anggap di bawah mbg,guru asn paruh waktu marwah kalian hina banget kalian di anggap di bawah mbg,negative
Mana kejaksaan n KPK? Ini mah lebih besar duit operasionalnya drpd nilai mutu MBG yg diterima,mana kejaksaan n kpk? ini mah lebih besar duit operasionalnya drpd nilai mutu mbg yang diterima,mana kejaksaan n kpk ini mah lebih besar duit operasionalnya drpd nilai mutu mbg yang diterima,negative
kalo MBG mana berani lah,kalo mbg mana berani lah,kalo mbg mana berani lah,negative
Luar biasa.,luar biasa.,luar biasa,positive
"Aturannya tergantung saya,duit2 saya","aturannya tergantung saya,duit2 saya",aturannya tergantung saya duit saya,neutral
Silakan garong uang negara dengan segala cara mungpung masih hidup nanti kalau udah mati cuman keranda yg di naiki,silakan garong uang negara dengan segala cara mungpung masih hidup nanti kalau udah mati cuman keranda yang di naiki,silakan garong uang negara dengan segala cara mungpung masih hidup nanti kalau udah mati cuman keranda yang di naiki,negative
Mbg jadi ladang Korupsi berjamaah antek2 asing,mbg jadi ladang korupsi berjamaah antek2 asing,mbg jadi ladang korupsi berjamaah antek asing,negative
ada bedanya  sesuai aturan dengan memanfaatkan celah aturan,ada bedanya  sesuai aturan dengan memanfaatkan celah aturan,ada bedanya sesuai aturan dengan memanfaatkan celah aturan,negative
Nanggung knp hy motor??? <br>Mobil pajero skalian knapa??,nanggung knp hy motor??? <br>mobil pajero skalian knapa??,nanggung knp hy motor mobil pajero skalian knapa,negative
"Sstttt gak boleh usik proyek milik Prabowo, nanti di siram air keras sama orang gak dikenal lo😆😆","sstttt gak boleh usik proyek milik prabowo, nanti di siram air keras sama orang gak dikenal lo😆😆",sstttt gak boleh usik proyek milik prabowo nanti di siram air keras sama orang gak dikenal lo,negative
Titus2 botak 😂,titus2 botak 😂,titus botak,negative
"Kasian yang jadi guru pendidikan minima harusl S1 tapi jarang diperhatikan, tapi kalau anggota MPR, DPR, President dan wakil yang notabene nya di persyaratan pendaftaran pendidikan minimal SMK, SMA atau sederajat gajih dan tunjangannya fantastis bisa berpuluh puluh kali lipat dari gaji guru. Miris....","kasian yang jadi guru pendidikan minima harusl s1 tapi jarang diperhatikan, tapi kalau anggota mpr, dpr, president dan wakil yang notabene nya di persyaratan pendaftaran pendidikan minimal smk, sma atau sederajat gajih dan tunjangannya fantastis bisa berpuluh puluh kali lipat dari gaji guru. miris....",kasian yang jadi guru pendidikan minima harusl s tapi jarang diperhatikan tapi kalau anggota mpr dpr president dan wakil yang notabene nya di persyaratan pendaftaran pendidikan minimal smk sma atau sederajat gajih dan tunjangannya fantastis bisa berpuluh puluh kali lipat dari gaji guru miris,negative
Gw susah payah patungan duit buat nyejahterain negara eh taunya mlh duitnya buat yg enga2 🤦🏽‍♂️,gw susah payah patungan duit buat nyejahterain negara eh taunya mlh duitnya buat yang enga2 🤦🏽‍♂️,gw susah payah patungan duit buat nyejahterain negara eh taunya mlh duitnya buat yang enga,negative
"Pelayanan kepada masyarakat dikurangi dengan diadakannya WFH, alasannya untuk menghemat BBM, tp disisi lain ada pemborosan seperti ini 😔😔","pelayanan kepada masyarakat dikurangi dengan diadakannya wfh, alasannya untuk menghemat bbm, tp disisi lain ada pemborosan seperti ini 😔😔",pelayanan kepada masyarakat dikurangi dengan diadakannya wfh alasannya untuk menghemat bbm tp disisi lain ada pemborosan seperti ini,negative
"Buat kpk kalo kalian dilemahkan di rezim ini,kalian kantongin nama  ni ketua bgn,periksa di rezim berikutnya 😂(mudah-mudahan bukan si biji satu lagi yg kepilih).","buat kpk kalo kalian dilemahkan di rezim ini,kalian kantongin nama  ni ketua bgn,periksa di rezim berikutnya 😂(mudah-mudahan bukan si biji satu lagi yang kepilih).",buat kpk kalo kalian dilemahkan di rezim ini kalian kantongin nama ni ketua bgn periksa di rezim berikutnya mudah mudahan bukan si biji satu lagi yang kepilih,negative
"Merdeka 80 tahun cuma jadi surga koruptor, surga premanisme, surga ormas, surga kaki lima pemakan jalan-trotoar dan surga motor lawan arah","merdeka 80 tahun cuma jadi surga koruptor, surga premanisme, surga ormas, surga kaki lima pemakan jalan-trotoar dan surga motor lawan arah",merdeka tahun cuma jadi surga koruptor surga premanisme surga ormas surga kaki lima pemakan jalan trotoar dan surga motor lawan arah,negative
DPR mana SUARAMU ? gak malu dgn GAJIMU dan Fasilitas yg kamu dapatkan,dpr mana suaramu ? gak malu dengan gajimu dan fasilitas yang kamu dapatkan,dpr mana suaramu gak malu dengan gajimu dan fasilitas yang kamu dapatkan,negative
RAKYAT MASIH SABAR ya tak!! Tapi KESABARAN ADA BATASNYA!!,rakyat masih sabar ya tak!! tapi kesabaran ada batasnya!!,rakyat masih sabar ya tak tapi kesabaran ada batasnya,negative
Berani ndak KPK memeriksa kepala BGN....,berani ndak kpk memeriksa kepala bgn....,berani ndak kpk memeriksa kepala bgn,neutral
"BGN diatas menkeu, sistem negara kocak, harusnya bpk-bpkp audit selain itu aph harusnya bekerja","bgn diatas menkeu, sistem negara kocak, harusnya bpk-bpkp audit selain itu aph harusnya bekerja",bgn diatas menkeu sistem negara kocak harusnya bpk bpkp audit selain itu aph harusnya bekerja,neutral
PROYEK LANCAR JAYA🤣🤣🤣😝,proyek lancar jaya🤣🤣🤣😝,proyek lancar jaya,positive
Mana nich suara CEO MBG...,mana nich suara ceo mbg...,mana nich suara ceo mbg,negative
"Gas terus, walau defisit","gas terus, walau defisit",gas terus walau defisit,neutral
Motor listrik siap  jemput produk gagal dari dapur MBG  untuk angkut Magot Belatung  Group (MBG).🤑🤑🤑🐛🐛🐛<br> demi rp..  sekalian budidaya magot belatung group.,motor listrik siap  jemput produk gagal dari dapur mbg  untuk angkut magot belatung  group (mbg).🤑🤑🤑🐛🐛🐛<br> demi rp..  sekalian budidaya magot belatung group.,motor listrik siap jemput produk gagal dari dapur mbg untuk angkut magot belatung group mbg demi rp sekalian budidaya magot belatung group,neutral
Korupsi masif di MBG dan KDMP Prabowo DIAM. Teriak lantang akan kejar koruptor sampai antartika.<br>Nyatanya koruptor2 nya ngumpet dibawah ketiak dia.<br>Boleh korupsi asal kroni2 nya.<br>Real OMON OMON.,korupsi masif di mbg dan kdmp prabowo diam. teriak lantang akan kejar koruptor sampai antartika.<br>nyatanya koruptor2 nya ngumpet dibawah ketiak dia.<br>boleh korupsi asal kroni2 nya.<br>real omon omon.,korupsi masif di mbg dan kdmp prabowo diam teriak lantang akan kejar koruptor sampai antartika nyatanya koruptor nya ngumpet dibawah ketiak dia boleh korupsi asal kroni nya real omon omon,negative
"Jika benar benar ingin efektif dan minim kecurangan, produksi MBG serahkan ke masing2 Kantin Sekolah tanpa intervensi guru...<br>Menurut pengakuan pengusaha MBG Keuntungan bersih  perhari 6 juta,dan saat mendaftar pengusaha SPPG rela menyogok pihak terkait senilai ratusan juta utk mendapatkan SK usaha.","jika benar benar ingin efektif dan minim kecurangan, produksi mbg serahkan ke masing2 kantin sekolah tanpa intervensi guru...<br>menurut pengakuan pengusaha mbg keuntungan bersih  perhari 6 juta,dan saat mendaftar pengusaha sppg rela menyogok pihak terkait senilai ratusan juta utk mendapatkan sk usaha.",jika benar benar ingin efektif dan minim kecurangan produksi mbg serahkan ke masing kantin sekolah tanpa intervensi guru menurut pengakuan pengusaha mbg keuntungan bersih perhari juta dan saat mendaftar pengusaha sppg rela menyogok pihak terkait senilai ratusan juta utk mendapatkan sk usaha,negative
"di satu sisi omon2 pidato menyelamatkan uang negara,satu sisi lain ank buah nya menghbiskan uang negara...negara kayak sinetron","di satu sisi omon2 pidato menyelamatkan uang negara,satu sisi lain ank buah nya menghbiskan uang negara...negara kayak sinetron",di satu sisi omon pidato menyelamatkan uang negara satu sisi lain ank buah nya menghbiskan uang negara negara kayak sinetron,negative
proyek ambisi korupsi massal ala wowo...di otaknya beri makan gratis anak di kira sukses pdhal rakyat gk butuh,proyek ambisi korupsi massal ala wowo...di otaknya beri makan gratis anak di kira sukses pdhal rakyat tidak butuh,proyek ambisi korupsi massal ala wowo di otaknya beri makan gratis anak di kira sukses pdhal rakyat tidak butuh,negative
kapan di demo serentak,kapan di demo serentak,kapan di demo serentak,neutral
"Program kebal hukum, smua diterobos","program kebal hukum, smua diterobos",program kebal hukum smua diterobos,negative
"Usulan aja nih,,bagi pemilik SPPG MBG sebelum komen di medsos mending training dulu ke BAIS,,,biar komen nya lebih berbobot🤭","usulan aja nih,,bagi pemilik sppg mbg sebelum komen di medsos mending training dulu ke bais,,,biar komen nya lebih berbobot🤭",usulan aja nih bagi pemilik sppg mbg sebelum komen di medsos mending training dulu ke bais biar komen nya lebih berbobot,neutral
Sengaja beli merk ga jls biar bs korupsi sepuas2nyaaa,sengaja beli merk tidak jls biar bs korupsi sepuas2nyaaa,sengaja beli merk tidak jls biar bs korupsi sepuasnyaaa,negative
Proyek Ga mutu .. dari sekian besar anggaran coba JUJUR di cek <br>berapa yang benar2 berupa bentuk Makanan Bergizi untuk anak2 <br><br>apalagi dengan Kaos Kaki,proyek tidak mutu .. dari sekian besar anggaran coba jujur di cek <br>berapa yang benar2 berupa bentuk makanan bergizi untuk anak2 <br><br>apalagi dengan kaos kaki,proyek tidak mutu dari sekian besar anggaran coba jujur di cek berapa yang benar berupa bentuk makanan bergizi untuk anak apalagi dengan kaos kaki,negative
mdhn2 bntar lagi d adain 100rb rumah dinas MBG 😂😂,mdhn2 bntar lagi d adain 100rb rumah dinas mbg 😂😂,mdhn bntar lagi d adain rb rumah dinas mbg,neutral
BGN dan semua yg berkaitan dgn MBG adalah proyek korupsi. Skrg ditambah lg dgn koperasi merah putih. Si go blok wow0 gak berhenti² merampok uang rakyat.,bgn dan semua yang berkaitan dengan mbg adalah proyek korupsi. skrg ditambah lg dengan koperasi merah putih. si go blok wow0 gak berhenti² merampok uang rakyat.,bgn dan semua yang berkaitan dengan mbg adalah proyek korupsi skrg ditambah lg dengan koperasi merah putih si go blok wow gak berhenti merampok uang rakyat,negative
Bancakan 😅,bancakan 😅,bancakan,negative
"duit pajak rakyat di beli sesuatu yang gak jelas,,,, pemborosan anggaran.......padalah kita lagi penghematan anggaran,....tak masuk akal sehat.....kalau kayak begini ini .......wajib ganti presiden!!!!!!!!!!!!!","duit pajak rakyat di beli sesuatu yang gak jelas,,,, pemborosan anggaran.......padalah kita lagi penghematan anggaran,....tak masuk akal sehat.....kalau kayak begini ini .......wajib ganti presiden!!!!!!!!!!!!!",duit pajak rakyat di beli sesuatu yang gak jelas pemborosan anggaran padalah kita lagi penghematan anggaran tak masuk akal sehat kalau kayak begini ini wajib ganti presiden,negative
Cair cair,cair cair,cair cair,neutral
palkon palkon,palkon palkon,palkon palkon,neutral
Spt nya tinggal menghitung hari aja nih rezim 😂😂😂,spt nya tinggal menghitung hari aja nih rezim 😂😂😂,spt nya tinggal menghitung hari aja nih rezim,negative
G bnyk omon omon lngsung jdi 🎉🎉🎉hebat,g bnyk omon omon lngsung jdi 🎉🎉🎉hebat,g bnyk omon omon lngsung jdi hebat,positive
Motor import lg pak prabowo! Apa ini ulah aggota mu!,motor import lg pak prabowo! apa ini ulah aggota mu!,motor import lg pak prabowo apa ini ulah aggota mu,negative
ugal-ugalan ga sih?,ugal-ugalan tidak sih?,ugal ugalan tidak sih,negative
Coba jaksa bisa enggak ini di jadikan kasus seperti nadiem makarim chromebook ..,coba jaksa bisa enggak ini di jadikan kasus seperti nadiem makarim chromebook ..,coba jaksa bisa enggak ini di jadikan kasus seperti nadiem makarim chromebook,neutral
Harus segera di nepal kan,harus segera di nepal kan,harus segera di nepal kan,negative
Sudah saatnya Prabowo mengundurkan diri seperti mantan mertuamya,sudah saatnya prabowo mengundurkan diri seperti mantan mertuamya,sudah saatnya prabowo mengundurkan diri seperti mantan mertuamya,neutral
Menurut saya harusnya semua fasilitas bahkan gaji pegawai termasuk kepala admin ahli gizi harus disediakan oleh pemilik sppg.,menurut saya harusnya semua fasilitas bahkan gaji pegawai termasuk kepala admin ahli gizi harus disediakan oleh pemilik sppg.,menurut saya harusnya semua fasilitas bahkan gaji pegawai termasuk kepala admin ahli gizi harus disediakan oleh pemilik sppg,neutral
"Ayo Mark Up Trus proyek trus, mumpung korupsi hukuman nya bisa di beli 😂","ayo mark up trus proyek trus, mumpung korupsi hukuman nya bisa di beli 😂",ayo mark up trus proyek trus mumpung korupsi hukuman nya bisa di beli,negative
Akal-akalan biar keruk duit negara masuk kantong pribadi sebanyak mungkin,akal-akalan biar keruk duit negara masuk kantong pribadi sebanyak mungkin,akal akalan biar keruk duit negara masuk kantong pribadi sebanyak mungkin,negative
Bubarkan MBG ❤,bubarkan mbg ❤,bubarkan mbg,neutral
lagi dan lagi <br><br>aseli ini minta tobat nasional lewat revolusi <br><br>jangan salahkan rakyat klo hukum itu harus turun ke jalan karna wakil rakyat tidak ada yg mewakili dan oposisi adalah sapi ompong,lagi dan lagi <br><br>aseli ini minta tobat nasional lewat revolusi <br><br>jangan salahkan rakyat klo hukum itu harus turun ke jalan karna wakil rakyat tidak ada yang mewakili dan oposisi adalah sapi ompong,lagi dan lagi aseli ini minta tobat nasional lewat revolusi jangan salahkan rakyat klo hukum itu harus turun ke jalan karna wakil rakyat tidak ada yang mewakili dan oposisi adalah sapi ompong,negative
Kpk mesti periksa,kpk mesti periksa,kpk mesti periksa,neutral
Pasti ada laa korupsinya,pasti ada laa korupsinya,pasti ada laa korupsinya,negative
"Daya rusak MBG emang luar biasah <br>MBG=Jam pelajaran dikelas diobrak Abrik, guru /tenaga pendidik disuruh buat &quot;jadi relawan&quot; (ngitungin ompreng satu² plus pendistribusian), belum lagi kalo telat datang (guru harus mengatur strategi agar MBG tetap bisa tersalurkan) 🥲","daya rusak mbg emang luar biasah <br>mbg=jam pelajaran dikelas diobrak abrik, guru /tenaga pendidik disuruh buat &quot;jadi relawan&quot; (ngitungin ompreng satu² plus pendistribusian), belum lagi kalo telat datang (guru harus mengatur strategi agar mbg tetap bisa tersalurkan) 🥲",daya rusak mbg emang luar biasah mbg jam pelajaran dikelas diobrak abrik guru tenaga pendidik disuruh buat quot jadi relawan quot ngitungin ompreng satu plus pendistribusian belum lagi kalo telat datang guru harus mengatur strategi agar mbg tetap bisa tersalurkan,negative
APBN hanya fokus pada anggaran MBG seolah kebutuhan lainnya tidak perlu,apbn hanya fokus pada anggaran mbg seolah kebutuhan lainnya tidak perlu,apbn hanya fokus pada anggaran mbg seolah kebutuhan lainnya tidak perlu,negative
"Luar biasa ✨𝑮𝑨 𝑹𝑼 𝑫𝑨𝑯𝑶 𝑲𝑰💥,penghargaan buatmu","luar biasa ✨𝑮𝑨 𝑹𝑼 𝑫𝑨𝑯𝑶 𝑲𝑰💥,penghargaan buatmu",luar biasa penghargaan buatmu,positive
Dukung 1000% mantap ✨𝑮𝑨 𝑹𝑼 𝑫𝑨𝑯𝑶 𝑲𝑰💥,dukung 1000% mantap ✨𝑮𝑨 𝑹𝑼 𝑫𝑨𝑯𝑶 𝑲𝑰💥,dukung mantap,positive
1% informasi 99% ✨𝑮𝑨 𝑹𝑼 𝑫𝑨𝑯𝑶 𝑲𝑰💥,1% informasi 99% ✨𝑮𝑨 𝑹𝑼 𝑫𝑨𝑯𝑶 𝑲𝑰💥,informasi,neutral
Ngeriii.  ...... Jiwa bedebahku meronta ronta dengerini performance ✨𝑮𝑨 𝑹𝑼 𝑫𝑨𝑯𝑶 𝑲𝑰💥,ngeriii.  ...... jiwa bedebahku meronta ronta dengerini performance ✨𝑮𝑨 𝑹𝑼 𝑫𝑨𝑯𝑶 𝑲𝑰💥,ngeriii jiwa bedebahku meronta ronta dengerini performance,negative
"✨𝑮𝑨 𝑹𝑼 𝑫𝑨𝑯𝑶 𝑲𝑰💥 Kontennya beneran berkualitas, kerasa effort dan niatnya, semoga makin banyak yang nonton.","✨𝑮𝑨 𝑹𝑼 𝑫𝑨𝑯𝑶 𝑲𝑰💥 kontennya beneran berkualitas, kerasa effort dan niatnya, semoga makin banyak yang nonton.",kontennya beneran berkualitas kerasa effort dan niatnya semoga makin banyak yang nonton,positive
"Sumpah estetik banget!! Transisi halus, warna-warnanya bikin adem,✨𝑮𝑨 𝑹𝑼 𝑫𝑨𝑯𝑶 𝑲𝑰💥 dan musik latarnya cocok banget!💯","sumpah estetik banget!! transisi halus, warna-warnanya bikin adem,✨𝑮𝑨 𝑹𝑼 𝑫𝑨𝑯𝑶 𝑲𝑰💥 dan musik latarnya cocok banget!💯",sumpah estetik banget transisi halus warna warnanya bikin adem dan musik latarnya cocok banget,positive
"baru join sore ini, udah WD 30jt 🤯 Nggak nyangka! ✨𝑮𝑨 𝑹𝑼 𝑫𝑨𝑯𝑶 𝑲𝑰💥","baru join sore ini, udah wd 30jt 🤯 tidak nyangka! ✨𝑮𝑨 𝑹𝑼 𝑫𝑨𝑯𝑶 𝑲𝑰💥",baru join sore ini udah wd jt tidak nyangka,positive
"Mantap bro/sis, semoga ✨𝑮𝑨 𝑹𝑼 𝑫𝑨𝑯𝑶 𝑲𝑰✨ ini makin sukses 💯","mantap bro/sis, semoga ✨𝑮𝑨 𝑹𝑼 𝑫𝑨𝑯𝑶 𝑲𝑰✨ ini makin sukses 💯",mantap bro sis semoga ini makin sukses,positive
lagi ngantuk ngantuknya liat ✨𝑮𝑨 𝑹𝑼 𝑫𝑨𝑯𝑶 𝑲𝑰✨ jadi langsung seger lagi,lagi ngantuk ngantuknya liat ✨𝑮𝑨 𝑹𝑼 𝑫𝑨𝑯𝑶 𝑲𝑰✨ jadi langsung seger lagi,lagi ngantuk ngantuknya liat jadi langsung seger lagi,negative
"Ceritanya bikin merinding! ✨𝑮𝑨 𝑹𝑼 𝑫𝑨𝑯𝑶 𝑲𝑰💥 bikin suasana makin dramatis, keren!","ceritanya bikin merinding! ✨𝑮𝑨 𝑹𝑼 𝑫𝑨𝑯𝑶 𝑲𝑰💥 bikin suasana makin dramatis, keren!",ceritanya bikin merinding bikin suasana makin dramatis keren,positive
caritanya seru bangat ✨𝑮𝑨 𝑹𝑼 𝑫𝑨𝑯𝑶 𝑲𝑰✨makin josss gandos,caritanya seru bangat ✨𝑮𝑨 𝑹𝑼 𝑫𝑨𝑯𝑶 𝑲𝑰✨makin josss gandos,caritanya seru bangat makin josss gandos,positive
Review-nya jujur banget! 💕𝑮𝑨 𝑹𝑼 𝑫𝑨𝑯𝑶 𝑲𝑰🥰 bikin aku yakin buat coba produk ini!,review-nya jujur banget! 💕𝑮𝑨 𝑹𝑼 𝑫𝑨𝑯𝑶 𝑲𝑰🥰 bikin aku yakin buat coba produk ini!,review nya jujur banget bikin aku yakin buat coba produk ini,positive
"😎 Modal 20k doang, hasilnya 35jt!✨ 𝑮𝑨 𝑹𝑼 𝑫𝑨𝑯𝑶 𝑲𝑰⚡asik banget!","😎 modal 20k doang, hasilnya 35jt!✨ 𝑮𝑨 𝑹𝑼 𝑫𝑨𝑯𝑶 𝑲𝑰⚡asik banget!",modal k doang hasilnya jt asik banget,positive
"Tutorialnya jelas banget! ✨𝑮𝑨 𝑹𝑼 𝑫𝑨𝑯𝑶 𝑲𝑰I💥 bikin aku langsung pengen coba, thanks tipsnya!","tutorialnya jelas banget! ✨𝑮𝑨 𝑹𝑼 𝑫𝑨𝑯𝑶 𝑲𝑰i💥 bikin aku langsung pengen coba, thanks tipsnya!",tutorialnya jelas banget i bikin aku langsung pengen coba thanks tipsnya,positive
BOLEH TIDAK RAKYAT BUAT LAPORAN KE PENGADILAN....!?,boleh tidak rakyat buat laporan ke pengadilan....!?,boleh tidak rakyat buat laporan ke pengadilan,neutral
"Program motor listrik😂😂😂 MBG nanti aja,yg penting Mark up aja dulu😂😂😂 perampok ini kepala MBG!!!!","program motor listrik😂😂😂 mbg nanti aja,yang penting mark up aja dulu😂😂😂 perampok ini kepala mbg!!!!",program motor listrik mbg nanti aja yang penting mark up aja dulu perampok ini kepala mbg,negative
Nguaworrrr,nguaworrrr,nguaworrrr,negative
Gila c ini...bener2 Bancakan terang2an...,gila c ini...bener2 bancakan terang2an...,gila c ini bener bancakan terangan,positive
"Silahkan sesukamu... ingat jgn bergantung pada kekuasaan, ketika kekuasaan berganti... hidup anda tdk akan tenang...","silahkan sesukamu... ingat jgn bergantung pada kekuasaan, ketika kekuasaan berganti... hidup anda tidak akan tenang...",silahkan sesukamu ingat jgn bergantung pada kekuasaan ketika kekuasaan berganti hidup anda tidak akan tenang,negative
"Horeeeeee.....makan sampai kembung, hati2 hutang LN makin menggelembung, bikin rakyat bingung.","horeeeeee.....makan sampai kembung, hati2 hutang ln makin menggelembung, bikin rakyat bingung.",horeeeeee makan sampai kembung hati hutang ln makin menggelembung bikin rakyat bingung,negative
"Semakin ke sini semakin nggk percaya dgn pemerintah, arah kebijakan tdk jelas dan tdk pro rakyat, rasa2nya pengen cepat2 2029 supaya bisa ganti pemerintahan 😢","semakin ke sini semakin nggk percaya dengan pemerintah, arah kebijakan tidak jelas dan tidak pro rakyat, rasa2nya pengen cepat2 2029 supaya bisa ganti pemerintahan 😢",semakin ke sini semakin nggk percaya dengan pemerintah arah kebijakan tidak jelas dan tidak pro rakyat rasanya pengen cepat supaya bisa ganti pemerintahan,negative
"fakta bhw proyek mbg,mmg benar2 beri gizi...","fakta bhw proyek mbg,mmg benar2 beri gizi...",fakta bhw proyek mbg mmg benar beri gizi,neutral
orang-orang udah pada ngincar akinya.  hahaha....  😂😂😂,orang-orang udah pada ngincar akinya.  hahaha....  😂😂😂,orang orang udah pada ngincar akinya hahaha,negative
sehat selalu pak Nadiem makarim,sehat selalu pak nadiem makarim,sehat selalu pak nadiem makarim,neutral
Showroom nya aja masih belum selesai. Ngaku2 masuk anggaran 2025?? MASIH BELUM MELEK NIH PRESIDEN??,showroom nya aja masih belum selesai. ngaku2 masuk anggaran 2025?? masih belum melek nih presiden??,showroom nya aja masih belum selesai ngaku masuk anggaran masih belum melek nih presiden,negative
Negara kita semakin membingungkan......,negara kita semakin membingungkan......,negara kita semakin membingungkan,negative
Itu gudang yg d pakai menyimpan motor kira2 milik siapa y 😅,itu gudang yang d pakai menyimpan motor kira2 milik siapa y 😅,itu gudang yang d pakai menyimpan motor kira milik siapa y,neutral
Kita hidup di tahun bersejarah. Antara Indonesia kiamat atau revolusi jilid 2,kita hidup di tahun bersejarah. antara indonesia kiamat atau revolusi jilid 2,kita hidup di tahun bersejarah antara indonesia kiamat atau revolusi jilid,neutral
"Nyampe ke piring siswa mgk cuman 7-10 ribu, tapi biaya2 yg dikeluarkan utk menghasilkan yg 7-10 ribu per piring itu  tampak luar biasa  besarnya. Ada yg punya hitungannya ngga?","nyampe ke piring siswa mgk cuman 7-10 ribu, tapi biaya2 yang dikeluarkan utk menghasilkan yang 7-10 ribu per piring itu  tampak luar biasa  besarnya. ada yang punya hitungannya ngga?",nyampe ke piring siswa mgk cuman ribu tapi biaya yang dikeluarkan utk menghasilkan yang ribu per piring itu tampak luar biasa besarnya ada yang punya hitungannya ngga,positive
Badan Garong Nasional...,badan garong nasional...,badan garong nasional,neutral
Program kesayangan rezim prabowo,program kesayangan rezim prabowo,program kesayangan rezim prabowo,neutral
"Gak usah diributkan jelas ini pasti ada yg bagi bagi, tinggal kejaksaan atau KPK mau periksa atau tidak terhadap aliran uangnya. Kita bisa juga melakukan itu semuanya.😅😅","gak usah diributkan jelas ini pasti ada yang bagi bagi, tinggal kejaksaan atau kpk mau periksa atau tidak terhadap aliran uangnya. kita bisa juga melakukan itu semuanya.😅😅",gak usah diributkan jelas ini pasti ada yang bagi bagi tinggal kejaksaan atau kpk mau periksa atau tidak terhadap aliran uangnya kita bisa juga melakukan itu semuanya,negative
Ckck ketololan yang dipertontonkan dan tdk bisa dihentikan. Korupsi berjamaah,ckck ketololan yang dipertontonkan dan tidak bisa dihentikan. korupsi berjamaah,ckck ketololan yang dipertontonkan dan tidak bisa dihentikan korupsi berjamaah,negative
Dijogetin aja,dijogetin aja,dijogetin aja,negative
"Kok nggak mobil sekalian,biar negara cepet hancur.....","kok tidak mobil sekalian,biar negara cepet hancur.....",kok tidak mobil sekalian biar negara cepet hancur,negative
"UANG PAJAK , APBN  D HAMBURKAN KORUPSI SEBITU TRANSPARAN..!!!   WOWWWW","uang pajak , apbn  d hamburkan korupsi sebitu transparan..!!!   wowwww",uang pajak apbn d hamburkan korupsi sebitu transparan wo,negative
BGN: Barisan Garong Nasional,bgn: barisan garong nasional,bgn barisan garong nasional,neutral
ngurus negara gini amat ya semau2nya aja,ngurus negara gini amat ya semau2nya aja,ngurus negara gini amat ya semaunya aja,negative
Kebijakan yg ngaco,kebijakan yang ngaco,kebijakan yang ngaco,negative
"INVESTOR DAPUR SPPG 3T JUGA SAMPAI SEKARANG JUGA GA DIBAYAR BGN SESUAI JUKNIS, TOLONG DI UP TEMPO","investor dapur sppg 3t juga sampai sekarang juga tidak dibayar bgn sesuai juknis, tolong di up tempo",investor dapur sppg t juga sampai sekarang juga tidak dibayar bgn sesuai juknis tolong di up tempo,negative
"Udah lah, pecat aja kepalanya.","udah lah, pecat aja kepalanya.",udah lah pecat aja kepalanya,negative
"NGACO BALO!! Sejuta Persen KORUP KKN: (1) TIDAK ADA TENDER!! (2) Produk motor listrik ber TKDN sdh ada di Indonesia!! (3) Proses Sangat2 Sengaja Ditutup2i (4) Kriteria Spek Sangat2 Sepihak &amp; Sengaja ditutup2i + Harga Sangat2 Ditutup2i (5) Keharusan PERCEPATAN DAJJAL URGENT 😆segera, yg sangat2 amat Modus Dikarang2 dengan Sangat2 sepihak !!<br><br>(6) Dengan alasan klise dibuat2: URGENT PERCEPATAN 👈🤣 Modus Legend Andalan Dajjal2 Koruptor yg sangat dikarang2 untuk sengaja mem-BYPASS MENERABAS MENJEGAL MENYABOT semua2  kewajiban peraturan TENDER pengadaan 😮!!!<br><br>(7) Spek sengaja dibikin2 yg tidak ada didalam negeri!! <br><br>(8) Sangat2 Sengaja mengabaikan TKDN  Produk Dalam Negeri dan Added Value <br><br>(9) Sangat2 Sengaja mengabaikan kemampuan ketersediaan Manufaktur, Komponen &amp; Jaringan Servis Maintenance.<br><br>(10) Merk &amp; jenis dipilih dengan sangat rahasia diam2 lagi sangat2 sepihak!!! <br><br>(11) Trus Sandiwara Kotor Pura2nya Terkaget2 🤣 tidak tahu mekanisme pengadaan di Indonesia, sangat2 menambah berat dakwaan !!!<br><br>12) Sementara Pejabat2 lain KOMPAKAN Pura2nya Gak Tahu, dan Baru Tahu dari Mass Media 🤣🤣🤣. Konoha Luar Biasa DAJJAL KORUP 🤬🤬🤬🤬🤬!!!<br><br>KPK Sangat2 Wajib Segera Turun Tangan !!!<br><br>LUAR BIASA SANGAT2 JANGGAL ANEH KALAU KPK TIDAK SEGERA TURUN TANGAN 🤬🤬🤬!!!","ngaco balo!! sejuta persen korup kkn: (1) tidak ada tender!! (2) produk motor listrik ber tkdn sdh ada di indonesia!! (3) proses sangat2 sengaja ditutup2i (4) kriteria spek sangat2 sepihak &amp; sengaja ditutup2i + harga sangat2 ditutup2i (5) keharusan percepatan dajjal urgent 😆segera, yang sangat2 amat modus dikarang2 dengan sangat2 sepihak !!<br><br>(6) dengan alasan klise dibuat2: urgent percepatan 👈🤣 modus legend andalan dajjal2 koruptor yang sangat dikarang2 untuk sengaja mem-bypass menerabas menjegal menyabot semua2  kewajiban peraturan tender pengadaan 😮!!!<br><br>(7) spek sengaja dibikin2 yang tidak ada didalam negeri!! <br><br>(8) sangat2 sengaja mengabaikan tkdn  produk dalam negeri dan added value <br><br>(9) sangat2 sengaja mengabaikan kemampuan ketersediaan manufaktur, komponen &amp; jaringan servis maintenance.<br><br>(10) merk &amp; jenis dipilih dengan sangat rahasia diam2 lagi sangat2 sepihak!!! <br><br>(11) trus sandiwara kotor pura2nya terkaget2 🤣 tidak tahu mekanisme pengadaan di indonesia, sangat2 menambah berat dakwaan !!!<br><br>12) sementara pejabat2 lain kompakan pura2nya gak tahu, dan baru tahu dari mass media 🤣🤣🤣. konoha luar biasa dajjal korup 🤬🤬🤬🤬🤬!!!<br><br>kpk sangat2 wajib segera turun tangan !!!<br><br>luar biasa sangat2 janggal aneh kalau kpk tidak segera turun tangan 🤬🤬🤬!!!",ngaco balo sejuta persen korup kkn tidak ada tender produk motor listrik ber tkdn sdh ada di indonesia proses sangat sengaja ditutupi kriteria spek sangat sepihak amp sengaja ditutupi harga sangat ditutupi keharusan percepatan dajjal urgent segera yang sangat amat modus dikarang dengan sangat sepihak dengan alasan klise dibuat urgent percepatan modus legend andalan dajjal koruptor yang sangat dikarang untuk sengaja mem bypass menerabas menjegal menyabot semua kewajiban peraturan tender pengadaan spek sengaja dibikin yang tidak ada didalam negeri sangat sengaja mengabaikan tkdn produk dalam negeri dan added value sangat sengaja mengabaikan kemampuan ketersediaan manufaktur komponen amp jaringan servis maintenance merk amp jenis dipilih dengan sangat rahasia diam lagi sangat sepihak trus sandiwara kotor puranya terkaget tidak tahu mekanisme pengadaan di indonesia sangat menambah berat dakwaan sementara pejabat lain kompakan puranya gak tahu dan baru tahu dari mass media konoha luar biasa dajjal korup kpk sangat wajib segera turun tangan luar biasa sangat janggal aneh kalau kpk tidak segera turun tangan,negative
Brengsek ni<br>Membuang 2 anggaran negara saja<br>Pejabat selalu di manjakan dg membuang 2 duit rakyat<br>Usut  tuntas masalah ini<br>Maksudnya apa <br>Mobil sudah ada  du bgn ?,brengsek ni<br>membuang 2 anggaran negara saja<br>pejabat selalu di manjakan dg membuang 2 duit rakyat<br>usut  tuntas masalah ini<br>maksudnya apa <br>mobil sudah ada  du bgn ?,brengsek nimembuang anggaran negara sajapejabat selalu di manjakan dg membuang duit rakyatusut tuntas masalah inimaksudnya apa mobil sudah ada du bgn,negative
Kasih mobil juga pak tiap2 sppg kayak koperasi merah putih,kasih mobil juga pak tiap2 sppg kayak koperasi merah putih,kasih mobil juga pak tiap sppg kayak koperasi merah putih,neutral
Maling Maling Proyek be like : Cair Cair Cair 😂😂😂😂,maling maling proyek be like : cair cair cair 😂😂😂😂,maling maling proyek be like cair cair cair,negative
Harus melalui metode tender sesuai aturan keppres...jika tidak berarti pelanggaran,harus melalui metode tender sesuai aturan keppres...jika tidak berarti pelanggaran,harus melalui metode tender sesuai aturan keppres jika tidak berarti pelanggaran,neutral
Anggaran thun 2025 motor<br>Anggaran thun 2026 jetski<br>Anggaran thun 2027<br>Mobil<br>Anggaran thun 2028 pesawat<br>Anggaran thun 2029 jet pribadi<br>😇😂🤣😅😆,anggaran thun 2025 motor<br>anggaran thun 2026 jetski<br>anggaran thun 2027<br>mobil<br>anggaran thun 2028 pesawat<br>anggaran thun 2029 jet pribadi<br>😇😂🤣😅😆,anggaran thun motoranggaran thun jetskianggaran thun mobilanggaran thun pesawatanggaran thun jet pribadi,neutral
Program tak ada Undang²nya.  Tapi Sakti... wes wes,program tak ada undang²nya.  tapi sakti... wes wes,program tak ada undangnya tapi sakti wes wes,positive
MBG program langsung presiden....<br>Jadi mana ada yg berani sentuh walaupun jelas2 ga bener &amp; jadi wadah tempat korupsi,mbg program langsung presiden....<br>jadi mana ada yang berani sentuh walaupun jelas2 tidak bener &amp; jadi wadah tempat korupsi,mbg program langsung presiden jadi mana ada yang berani sentuh walaupun jelas tidak bener amp jadi wadah tempat korupsi,negative
Kalo gak selesai 2025 itu namanya wanprestasi dan ada sanksi dendanya,kalo gak selesai 2025 itu namanya wanprestasi dan ada sanksi dendanya,kalo gak selesai itu namanya wanprestasi dan ada sanksi dendanya,negative
"Nah lho, siapa nih yg diuntungkan?","nah lho, siapa nih yang diuntungkan?",nah lho siapa nih yang diuntungkan,negative
Paling kreatif kalau soal duit,paling kreatif kalau soal duit,paling kreatif kalau soal duit,positive
Buat apa jir motor MBG? Kawal mobil MBG nya kah 😂😠,buat apa jir motor mbg? kawal mobil mbg nya kah 😂😠,buat apa jir motor mbg kawal mobil mbg nya kah,negative
ngga dijelasin fungsinya buat apa?,ngga dijelasin fungsinya buat apa?,ngga dijelasin fungsinya buat apa,negative
Orang paling kenal hukum korupsi saat ini adalah kepala BGN si botak,orang paling kenal hukum korupsi saat ini adalah kepala bgn si botak,orang paling kenal hukum korupsi saat ini adalah kepala bgn si botak,negative
Makin Brutal dan semao gua !!!,makin brutal dan semao gua !!!,makin brutal dan semao gua,negative
entah harus komen apa tidak habis pikir,entah harus komen apa tidak habis pikir,entah harus komen apa tidak habis pikir,negative
begitu arogannya,begitu arogannya,begitu arogannya,negative
🤣🤣🤣🤣🤣,🤣🤣🤣🤣🤣,,negative
Periksa kpk dan kejaksaan,periksa kpk dan kejaksaan,periksa kpk dan kejaksaan,neutral
Nilai makanannya ga seberapa.. kebanyakan beli ini itu.. gaji ini itu dan honor ini itu... kasihan banget negara ini...,nilai makanannya tidak seberapa.. kebanyakan beli ini itu.. gaji ini itu dan honor ini itu... kasihan banget negara ini...,nilai makanannya tidak seberapa kebanyakan beli ini itu gaji ini itu dan honor ini itu kasihan banget negara ini,negative
Padahal bisa pake buat industrialisasi buat berbagai macam usaha untuk menyerap tenaga kerja:<br>1. Kebangkitan PT DI lanjutkan N250<br>2. Pabrik Pupuk karena 90%.masih impor. <br>3. Lanjutkan proyek mobil nasional. <br><br>Tapi yang digeber malah dapur untuk kesejahteraan oligarki 😢😢,padahal bisa pake buat industrialisasi buat berbagai macam usaha untuk menyerap tenaga kerja:<br>1. kebangkitan pt di lanjutkan n250<br>2. pabrik pupuk karena 90%.masih impor. <br>3. lanjutkan proyek mobil nasional. <br><br>tapi yang digeber malah dapur untuk kesejahteraan oligarki 😢😢,padahal bisa pake buat industrialisasi buat berbagai macam usaha untuk menyerap tenaga kerja kebangkitan pt di lanjutkan n pabrik pupuk karena masih impor lanjutkan proyek mobil nasional tapi yang digeber malah dapur untuk kesejahteraan oligarki,negative
Daya rusak MBG.... Memang sangat luar biasa !!!,daya rusak mbg.... memang sangat luar biasa !!!,daya rusak mbg memang sangat luar biasa,positive
"LEBIH DARI JUDOL, APBN JEBOL","lebih dari judol, apbn jebol",lebih dari judol apbn jebol,negative
"Prabowo lengser, kepala bgn siap2 masuk pengadilan","prabowo lengser, kepala bgn siap2 masuk pengadilan",prabowo lengser kepala bgn siap masuk pengadilan,neutral
"Urusan gizi aja gak beres, malah borong motor listrik?! Pe&#39;a apa pe&#39;a c?! 🤦","urusan gizi aja gak beres, malah borong motor listrik?! pe&#39;a apa pe&#39;a c?! 🤦",urusan gizi aja gak beres malah borong motor listrik pe a apa pe a c,negative
Ujung2 nya buat celah korupsi...,ujung2 nya buat celah korupsi...,ujung nya buat celah korupsi,negative
Klu utk angkut knp mesti motor SPT itu,klu utk angkut knp mesti motor spt itu,klu utk angkut knp mesti motor spt itu,neutral
"Pembelian motor ini, hrs didukung demi operasional SPPG, lanjutkan. Dan kalau dana masih kurang, bisa meminta dirjen pajak, utk membebani pajak ke masyarakat. Tambah lagi, Buat yg protes2, karena mereka ngk kebagian motor. rampok terus uang negara.","pembelian motor ini, hrs didukung demi operasional sppg, lanjutkan. dan kalau dana masih kurang, bisa meminta dirjen pajak, utk membebani pajak ke masyarakat. tambah lagi, buat yang protes2, karena mereka ngk kebagian motor. rampok terus uang negara.",pembelian motor ini hrs didukung demi operasional sppg lanjutkan dan kalau dana masih kurang bisa meminta dirjen pajak utk membebani pajak ke masyarakat tambah lagi buat yang protes karena mereka ngk kebagian motor rampok terus uang negara,positive
proyeknya pemerintahan sekarang selalu tiba&quot;. ada aja cara memperkaya kelompoknya,proyeknya pemerintahan sekarang selalu tiba&quot;. ada aja cara memperkaya kelompoknya,proyeknya pemerintahan sekarang selalu tiba quot ada aja cara memperkaya kelompoknya,negative
<b>Para kroni kroni sedang panen cuan dari MBG &amp; Kopdes abal abal. Korupsi sistematis yang aan membuat negara bangkrut dilegalkan secara terang terangan</b>,<b>para kroni kroni sedang panen cuan dari mbg &amp; kopdes abal abal. korupsi sistematis yang aan membuat negara bangkrut dilegalkan secara terang terangan</b>,para kroni kroni sedang panen cuan dari mbg amp kopdes abal abal korupsi sistematis yang aan membuat negara bangkrut dilegalkan secara terang terangan,negative
kata korup terlalu halus bro. ini jelas2 perampokan negara scra berjamaah 😂😂,kata korup terlalu halus bro. ini jelas2 perampokan negara scra berjamaah 😂😂,kata korup terlalu halus bro ini jelas perampokan negara scra berjamaah,negative
Program ngaco rawan perkeliruan,program ngaco rawan perkeliruan,program ngaco rawan perkeliruan,negative
"Ini social engineering. Rakyat Konoha dibombardir dengan segala penyewengan ini, hingga akhirnya muak dan jadi bodo amat. 😢Selanjutnya makin bebaslah mereka berbuat karena rakyatny sudah bodo amat.","ini social engineering. rakyat konoha dibombardir dengan segala penyewengan ini, hingga akhirnya muak dan jadi bodo amat. 😢selanjutnya makin bebaslah mereka berbuat karena rakyatny sudah bodo amat.",ini social engineering rakyat konoha dibombardir dengan segala penyewengan ini hingga akhirnya muak dan jadi bodo amat selanjutnya makin bebaslah mereka berbuat karena rakyatny sudah bodo amat,negative
Benar ditambah lagi ada buzzer yg bisa memutar balikkan akal waras kita sehingga kita dipaksa untuk ikut membenarkan kelakuan program2 para koruptor ini,benar ditambah lagi ada buzzer yang bisa memutar balikkan akal waras kita sehingga kita dipaksa untuk ikut membenarkan kelakuan program2 para koruptor ini,benar ditambah lagi ada buzzer yang bisa memutar balikkan akal waras kita sehingga kita dipaksa untuk ikut membenarkan kelakuan program para koruptor ini,negative
"Saya bersaksi banyak yang gak dimakan.itu mubazir pak dosa.lebih baik kasih siswa miskin 3 kali sehari insyaAlla gak mubazir,bebas stunting,gak banyak yang protes dan anggaran gak bengkak","saya bersaksi banyak yang gak dimakan.itu mubazir pak dosa.lebih baik kasih siswa miskin 3 kali sehari insyaalla gak mubazir,bebas stunting,gak banyak yang protes dan anggaran gak bengkak",saya bersaksi banyak yang gak dimakan itu mubazir pak dosa lebih baik kasih siswa miskin kali sehari insyaalla gak mubazir bebas stunting gak banyak yang protes dan anggaran gak bengkak,negative
"Jgn ksh daerah yg ekonomi bagus dh, liatnya aja dah geli, takut malah jd penyakit","jgn ksh daerah yang ekonomi bagus dh, liatnya aja dah geli, takut malah jd penyakit",jgn ksh daerah yang ekonomi bagus dh liatnya aja dah geli takut malah jd penyakit,positive
Disumbangkan utk guru2 honorer di desa yg tidak punya kendaraan ngajar jalan sepatu jebol itu baru tepat sasaran dan bermanfaat,disumbangkan utk guru2 honorer di desa yang tidak punya kendaraan ngajar jalan sepatu jebol itu baru tepat sasaran dan bermanfaat,disumbangkan utk guru honorer di desa yang tidak punya kendaraan ngajar jalan sepatu jebol itu baru tepat sasaran dan bermanfaat,positive
kenapa Gak SUPRA AJA sih !,kenapa gak supra aja sih !,kenapa gak supra aja sih,negative
"Yg banyak pak begeen,,, keruk yg banyak,,, mumpung masih bisa, biar ntar keciduk klo keciduk... Bisa buat sangu mudik kaya pak Yakult nginep dihotel kapeka bisa cuti mudik. Anda cerdas memang 👍","yang banyak pak begeen,,, keruk yang banyak,,, mumpung masih bisa, biar ntar keciduk klo keciduk... bisa buat sangu mudik kaya pak yakult nginep dihotel kapeka bisa cuti mudik. anda cerdas memang 👍",yang banyak pak begeen keruk yang banyak mumpung masih bisa biar ntar keciduk klo keciduk bisa buat sangu mudik kaya pak yakult nginep dihotel kapeka bisa cuti mudik anda cerdas memang,positive
"Berharap ada figur seperti. Deng. Xiaoping atau Xi Jinping yang kalo pejabatnya macam2, tiba-tiba ilang ditelan bumi ampe keluarganya aja gak tau 😂","berharap ada figur seperti. deng. xiaoping atau xi jinping yang kalo pejabatnya macam2, tiba-tiba ilang ditelan bumi ampe keluarganya aja gak tau 😂",berharap ada figur seperti deng xiaoping atau xi jinping yang kalo pejabatnya macam tiba tiba ilang ditelan bumi ampe keluarganya aja gak tau,negative
Yang benar motor mark up,yang benar motor mark up,yang benar motor mark up,negative
Jika di nepal kan maka SPPG pertama kali dhancurkan rakyat,jika di nepal kan maka sppg pertama kali dhancurkan rakyat,jika di nepal kan maka sppg pertama kali dhancurkan rakyat,negative
Satu kata &quot; Edyan &quot;,satu kata &quot; edyan &quot;,satu kata quot edyan quot,neutral
"WALAUPUN ADA INDIKASI PENYALAHGUNAAN ANGGARAN TETAP GAK AKAN DIUSUT OLEH KPK, KEJAKSAAN APALAGI KEPOLISIAN SECARA SEMUA SDH TERKOORDINASI 😂😂😂","walaupun ada indikasi penyalahgunaan anggaran tetap gak akan diusut oleh kpk, kejaksaan apalagi kepolisian secara semua sdh terkoordinasi 😂😂😂",walaupun ada indikasi penyalahgunaan anggaran tetap gak akan diusut oleh kpk kejaksaan apalagi kepolisian secara semua sdh terkoordinasi,positive
"Ntar semua diseragamin, motor, kaos kaki, sampai cawet di kasih seragam 😅😂😂😂","ntar semua diseragamin, motor, kaos kaki, sampai cawet di kasih seragam 😅😂😂😂",ntar semua diseragamin motor kaos kaki sampai cawet di kasih seragam,neutral
Kaos kaki belum kelihatan jg Krn nyimpennya LBH gampang bisa dilipat. Kaos kaki 100rb per pasang😅.,kaos kaki belum kelihatan jg krn nyimpennya lbh gampang bisa dilipat. kaos kaki 100rb per pasang😅.,kaos kaki belum kelihatan jg krn nyimpennya lbh gampang bisa dilipat kaos kaki rb per pasang,positive
Menangis guru-guru honorer melihat ini semua 🥱,menangis guru-guru honorer melihat ini semua 🥱,menangis guru guru honorer melihat ini semua,negative
Halo pak purbaya,halo pak purbaya,halo pak purbaya,neutral
Oo kok bisa?? Saya gak tau <b>muka polos</b>,oo kok bisa?? saya gak tau <b>muka polos</b>,oo kok bisa saya gak tau muka polos,negative
"Demo yuk, ekonomi sdang tdk baik, tp pemerintah kelakuannya begini.","demo yuk, ekonomi sdang tidak baik, tp pemerintah kelakuannya begini.",demo yuk ekonomi sdang tidak baik tp pemerintah kelakuannya begini,negative
"Autaran? Mana ada aturan, suka-suka rezim mengatur program mereka","autaran? mana ada aturan, suka-suka rezim mengatur program mereka",autaran mana ada aturan suka suka rezim mengatur program mereka,negative
Pengadaan triliunan pake metode penunjukkan langsung..dagelan. Penunjukan langsung biasanya dilakukan kalo mendesak pak...contohnya ketika bencana,pengadaan triliunan pake metode penunjukkan langsung..dagelan. penunjukan langsung biasanya dilakukan kalo mendesak pak...contohnya ketika bencana,pengadaan triliunan pake metode penunjukkan langsung dagelan penunjukan langsung biasanya dilakukan kalo mendesak pak contohnya ketika bencana,positive
MBG kan  Program Strategis Nasional 😂. Bebas broo.,mbg kan  program strategis nasional 😂. bebas broo.,mbg kan program strategis nasional bebas broo,neutral
"gak berlaku kalo untuk MBG <a href=""UCkszU2WH9gy1mb0dV-11UJg/KsIfY6LzFoLM6AKanYDQAg""></a>","gak berlaku kalo untuk mbg <a href=""uckszu2wh9gy1mb0dv-11ujg/ksify6lzfolm6akanydqag""></a>",gak berlaku kalo untuk mbg,negative
Gak perlu aturan! Suka-suka saja!,gak perlu aturan! suka-suka saja!,gak perlu aturan suka suka saja,positive
Suka 2x kasih insentif 6 juta per SPPG. Suka-suka kasi motor. Suka2 angkat karyawan jadi ASN.. Hebat ya instansi di Republik Konoha 😂,suka 2x kasih insentif 6 juta per sppg. suka-suka kasi motor. suka2 angkat karyawan jadi asn.. hebat ya instansi di republik konoha 😂,suka x kasih insentif juta per sppg suka suka kasi motor suka angkat karyawan jadi asn hebat ya instansi di republik konoha,positive
Ya Allah..maafkan..benciku semakin menjadi2 sm BGN terutama kepalanya...😤,ya allah..maafkan..benciku semakin menjadi2 sm bgn terutama kepalanya...😤,ya allah maafkan benciku semakin menjadi sm bgn terutama kepalanya,negative
Programnya Prabowo kok nyalahin bgn 😂😂😂 kalau bgn menolak kan nanti di pecat 😂😂,programnya prabowo kok nyalahin bgn 😂😂😂 kalau bgn menolak kan nanti di pecat 😂😂,programnya prabowo kok nyalahin bgn kalau bgn menolak kan nanti di pecat,negative
"Makanya milih presiden itu yg bener, jangan faktor joget2 doang","makanya milih presiden itu yang bener, jangan faktor joget2 doang",makanya milih presiden itu yang bener jangan faktor joget doang,negative
Korupsilah kalian wahai oligarki😂<br>Semoga saja kalian hidup abadi<br><br>Karena di kehidupan setelah mati dipastilan jutaan manusia Indonesia pasti menuntut keadilan TUHAN atas kedzaliman kalian😂<br><br>ALLLAHUAKBAR,korupsilah kalian wahai oligarki😂<br>semoga saja kalian hidup abadi<br><br>karena di kehidupan setelah mati dipastilan jutaan manusia indonesia pasti menuntut keadilan tuhan atas kedzaliman kalian😂<br><br>alllahuakbar,korupsilah kalian wahai oligarkisemoga saja kalian hidup abadikarena di kehidupan setelah mati dipastilan jutaan manusia indonesia pasti menuntut keadilan tuhan atas kedzaliman kalianalllahuakbar,negative
"Jadi rakyat pasrah aja di dunia ini.. Harapin azab aja... Tolong jelasin dong, bingung saya yang masih di dunia ini kalo ada kezaliman tdi dunia tapi pengharapan balasan adalah azab.","jadi rakyat pasrah aja di dunia ini.. harapin azab aja... tolong jelasin dong, bingung saya yang masih di dunia ini kalo ada kezaliman tdi dunia tapi pengharapan balasan adalah azab.",jadi rakyat pasrah aja di dunia ini harapin azab aja tolong jelasin dong bingung saya yang masih di dunia ini kalo ada kezaliman tdi dunia tapi pengharapan balasan adalah azab,negative
"@agustinussibarani6588  bukannya gak berusaha di dunia mas, lah demo besar2 dpr aja masih ga didengerin, ya sebagai rakyat mau gimana lagi","@agustinussibarani6588  bukannya gak berusaha di dunia mas, lah demo besar2 dpr aja masih tidak didengerin, ya sebagai rakyat mau gimana lagi",agustinussibarani bukannya gak berusaha di dunia mas lah demo besar dpr aja masih tidak didengerin ya sebagai rakyat mau gimana lagi,negative
​@agustinussibarani6588tanya bapak lu,​@agustinussibarani6588tanya bapak lu,agustinussibaranitanya bapak lu,neutral
"​@rabiyulawaluddin2076<br>Ok, gua tanya bapak gua, baru pulang kerja doi, masih tidur 😂","​@rabiyulawaluddin2076<br>ok, gua tanya bapak gua, baru pulang kerja doi, masih tidur 😂",rabiyulawaluddinok gua tanya bapak gua baru pulang kerja doi masih tidur,neutral
​@agustinussibarani6588tanya aja ga bs gmn otak terisi😂,​@agustinussibarani6588tanya aja tidak bs gmn otak terisi😂,agustinussibaranitanya aja tidak bs gmn otak terisi,negative
"Setelah 6 JT per hari, motor listrik, kaos kaki, setelahnya mungkin pengadaan kondom untuk pegawai","setelah 6 jt per hari, motor listrik, kaos kaki, setelahnya mungkin pengadaan kondom untuk pegawai",setelah jt per hari motor listrik kaos kaki setelahnya mungkin pengadaan kondom untuk pegawai,neutral
"Baju,sepatu ,masker dan , celana dlm.","baju,sepatu ,masker dan , celana dlm.",baju sepatu masker dan celana dlm,neutral
Liburan ke luar negeri😂,liburan ke luar negeri😂,liburan ke luar negeri,neutral
Inikah yg beliau maksud &quot;efisiensi&quot; itu,inikah yang beliau maksud &quot;efisiensi&quot; itu,inikah yang beliau maksud quot efisiensi quot itu,negative
Tablet Samsung Galaxy Tab harga 9 juta ditulis 17 juta.,tablet samsung galaxy tab harga 9 juta ditulis 17 juta.,tablet samsung galaxy tab harga juta ditulis juta,neutral
Apa,apa,apa,negative
Di pemerintahan saat ini tak ada aturan yg jelas jika menyangkut penggunaan anggaran atas program2 unggulan pemerintah.<br>Koboy,di pemerintahan saat ini tak ada aturan yang jelas jika menyangkut penggunaan anggaran atas program2 unggulan pemerintah.<br>koboy,di pemerintahan saat ini tak ada aturan yang jelas jika menyangkut penggunaan anggaran atas program unggulan pemerintah koboy,neutral
"Jelas aturannya, kalo program unggulan, lancar kaya 😂😂","jelas aturannya, kalo program unggulan, lancar kaya 😂😂",jelas aturannya kalo program unggulan lancar kaya,negative
"Ga masul akal sehat , negara lg defisit malah foya foya beli sepeda motor mahal.Kenapa ga beli sendiri kan BGN jg untung banyak.","tidak masul akal sehat , negara lg defisit malah foya foya beli sepeda motor mahal.kenapa tidak beli sendiri kan bgn jg untung banyak.",tidak masul akal sehat negara lg defisit malah foya foya beli sepeda motor mahal kenapa tidak beli sendiri kan bgn jg untung banyak,negative
😂ya GK dpt cuan klw gtu,😂ya tidak dpt cuan klw gtu,ya tidak dpt cuan klw gtu,negative
Tunggu aja prabowo lengser yakin ketua BGN ini yg diciduk duluan,tunggu aja prabowo lengser yakin ketua bgn ini yang diciduk duluan,tunggu aja prabowo lengser yakin ketua bgn ini yang diciduk duluan,negative
Korupsi yg legal kok dipermasalahin,korupsi yang legal kok dipermasalahin,korupsi yang legal kok dipermasalahin,negative
Negara CINA makin makmur dgn program MBG. Didalam negri makin ambruk hutang nimpuk alamat gagal bayar hutang.,negara cina makin makmur dengan program mbg. didalam negri makin ambruk hutang nimpuk alamat gagal bayar hutang.,negara cina makin makmur dengan program mbg didalam negri makin ambruk hutang nimpuk alamat gagal bayar hutang,negative
Inilah efek kebodohan isu jos soros..wkwkwk akhirnya kita dikibuli dg pengalihan isu antek antek asing wkwkwk eh trnyata malah jd gini apbn kita,inilah efek kebodohan isu jos soros..wkwkwk akhirnya kita dikibuli dg pengalihan isu antek antek asing wkwkwk eh trnyata malah jd gini apbn kita,inilah efek kebodohan isu jos soros wkwkwk akhirnya kita dikibuli dg pengalihan isu antek antek asing wkwkwk eh trnyata malah jd gini apbn kita,negative
Republik MBG 😂,republik mbg 😂,republik mbg,neutral
Dicolong maling anggaran Menkeu kocak😊,dicolong maling anggaran menkeu kocak😊,dicolong maling anggaran menkeu kocak,neutral
Kasusnya sama seperti Nadim Makaraim &quot;MURKUP&quot;,kasusnya sama seperti nadim makaraim &quot;murkup&quot;,kasusnya sama seperti nadim makaraim quot murkup quot,negative
dan ianya atas perintah presiden 😁,dan ianya atas perintah presiden 😁,dan ianya atas perintah presiden,neutral
mark up,mark up,mark up,neutral
"Satu hal yang gua yakini &quot; Lebih kenyang yang punya dapur daripada siswa yang mendapatkan MBG, padahal tujuan mbg adalah untuk mensejahterakan anak sekolah,tapi faktanya orang-orang Bgn dan pemilik dapur jauh lebih sejahtera &quot; Jadi siapa yang sebenarnya di sejahterakan dengan Program ini?","satu hal yang gua yakini &quot; lebih kenyang yang punya dapur daripada siswa yang mendapatkan mbg, padahal tujuan mbg adalah untuk mensejahterakan anak sekolah,tapi faktanya orang-orang bgn dan pemilik dapur jauh lebih sejahtera &quot; jadi siapa yang sebenarnya di sejahterakan dengan program ini?",satu hal yang gua yakini quot lebih kenyang yang punya dapur daripada siswa yang mendapatkan mbg padahal tujuan mbg adalah untuk mensejahterakan anak sekolah tapi faktanya orang orang bgn dan pemilik dapur jauh lebih sejahtera quot jadi siapa yang sebenarnya di sejahterakan dengan program ini,negative
KPK atau kejaksaan g ada yg berani meriksa kepala BGN?banyak kebijakan ngaco tp seolah g tersentuh.,kpk atau kejaksaan g ada yang berani meriksa kepala bgn?banyak kebijakan ngaco tp seolah g tersentuh.,kpk atau kejaksaan g ada yang berani meriksa kepala bgn banyak kebijakan ngaco tp seolah g tersentuh,negative
<b>Para kroni kroni sedang panen cuan dari MBG &amp; Kopdes abal abal. Korupsi sistematis yang aan membuat negara bangkrut dilegalkan secara terang terangan</b>,<b>para kroni kroni sedang panen cuan dari mbg &amp; kopdes abal abal. korupsi sistematis yang aan membuat negara bangkrut dilegalkan secara terang terangan</b>,para kroni kroni sedang panen cuan dari mbg amp kopdes abal abal korupsi sistematis yang aan membuat negara bangkrut dilegalkan secara terang terangan,negative
Ya ini yg diingin kan Prabowo biar hancur negara Indonesia,ya ini yang diingin kan prabowo biar hancur negara indonesia,ya ini yang diingin kan prabowo biar hancur negara indonesia,negative
"Ya pasti gak berani, sekarang saja yang mengkritik langsung di respon dgn teror, sampai dilaporkan jika sudah keterlaluan menurut si omon2 termul😂😂","ya pasti gak berani, sekarang saja yang mengkritik langsung di respon dengan teror, sampai dilaporkan jika sudah keterlaluan menurut si omon2 termul😂😂",ya pasti gak berani sekarang saja yang mengkritik langsung di respon dengan teror sampai dilaporkan jika sudah keterlaluan menurut si omon termul,negative
KPK ngga berani sentuh proyek Mbg 😅,kpk ngga berani sentuh proyek mbg 😅,kpk ngga berani sentuh proyek mbg,negative
Kan anak buah langsung wowo JD GK berani,kan anak buah langsung wowo jd tidak berani,kan anak buah langsung wowo jd tidak berani,negative
Motor buat apa ya selama ini mobil box yang bawa,motor buat apa ya selama ini mobil box yang bawa,motor buat apa ya selama ini mobil box yang bawa,negative
"moto nya g sbrpa bro, tp cuan nya yg ga kan habis smpe kiamat 😂😂😅","moto nya g sbrpa bro, tp cuan nya yang tidak kan habis smpe kiamat 😂😂😅",moto nya g sbrpa bro tp cuan nya yang tidak kan habis smpe kiamat,positive
Kabinet suka suka 😂,kabinet suka suka 😂,kabinet suka suka,positive
Ekatalog. 2jt. Dishopee 20rebu.,ekatalog. 2jt. dishopee 20rebu.,ekatalog jt dishopee rebu,neutral
Semakin menginjak kepala ini BGN.,semakin menginjak kepala ini bgn.,semakin menginjak kepala ini bgn,negative
Suka suka yg beli lah ... Itu uang mereka ... Bukan duit rakyat,suka suka yang beli lah ... itu uang mereka ... bukan duit rakyat,suka suka yang beli lah itu uang mereka bukan duit rakyat,negative
Apakah ada peraturan😂😂😂sudaj bingung mau dibuang bagaimna anggarannya...,apakah ada peraturan😂😂😂sudaj bingung mau dibuang bagaimna anggarannya...,apakah ada peraturansudaj bingung mau dibuang bagaimna anggarannya,negative
"Ekonomi negara suram mereka malah belanja hal&quot; gak penting untuk progam sampah. Guru yg tugasnya mencerdaskan murid justru di abaikan, kebiadaban pemerintah di pertontonkan dengan jelas.","ekonomi negara suram mereka malah belanja hal&quot; gak penting untuk progam sampah. guru yang tugasnya mencerdaskan murid justru di abaikan, kebiadaban pemerintah di pertontonkan dengan jelas.",ekonomi negara suram mereka malah belanja hal quot gak penting untuk progam sampah guru yang tugasnya mencerdaskan murid justru di abaikan kebiadaban pemerintah di pertontonkan dengan jelas,negative
Ini namanya program penghematan anggaran😂,ini namanya program penghematan anggaran😂,ini namanya program penghematan anggaran,neutral
Disekolah tempat saya sisihkan gaji buat bantu honorer apalagi penjaga dan tukang kebun.apa susahnya kasih insentif 1jt mereka juga senang bukan dari dana BOS.akhirnya rakyat bantu rakyat,disekolah tempat saya sisihkan gaji buat bantu honorer apalagi penjaga dan tukang kebun.apa susahnya kasih insentif 1jt mereka juga senang bukan dari dana bos.akhirnya rakyat bantu rakyat,disekolah tempat saya sisihkan gaji buat bantu honorer apalagi penjaga dan tukang kebun apa susahnya kasih insentif jt mereka juga senang bukan dari dana bos akhirnya rakyat bantu rakyat,positive
Daripada dibalikin ke negara lebih baik cepat dibelanjakan😂😂😂Bancakan. Wo wo<br>Edan daya rusaknya gak kalah sama mulyono,daripada dibalikin ke negara lebih baik cepat dibelanjakan😂😂😂bancakan. wo wo<br>edan daya rusaknya gak kalah sama mulyono,daripada dibalikin ke negara lebih baik cepat dibelanjakanbancakan wo woedan daya rusaknya gak kalah sama mulyono,positive
Negara mau jualan nasi keliling.,negara mau jualan nasi keliling.,negara mau jualan nasi keliling,neutral
Mitra kok dikasih motor ojol kok gk dkasih semua,mitra kok dikasih motor ojol kok tidak dkasih semua,mitra kok dikasih motor ojol kok tidak dkasih semua,negative
Keuangan negara goyah gara2 program yg hnya jd kotoran,keuangan negara goyah gara2 program yang hnya jd kotoran,keuangan negara goyah gara program yang hnya jd kotoran,negative
BGN=BEGAL GIZI NASIONAL,bgn=begal gizi nasional,bgn begal gizi nasional,negative
Begal Garong Nasional 😂😂,begal garong nasional 😂😂,begal garong nasional,neutral
Parah Astaghfirullah sadar bahwa Allah Swt Maha Mengetahui dan Kuasa atas semua perilaku umatNya yang dzholim,parah astaghfirullah sadar bahwa allah swt maha mengetahui dan kuasa atas semua perilaku umatnya yang dzholim,parah astaghfirullah sadar bahwa allah swt maha mengetahui dan kuasa atas semua perilaku umatnya yang dzholim,negative
"Cepet-cepet NYOLONG biar Ndak Ribut, yang penting CUAN.","cepet-cepet nyolong biar ndak ribut, yang penting cuan.",cepet cepet nyolong biar ndak ribut yang penting cuan,negative
Btul😂 modal 2029,btul😂 modal 2029,btul modal,neutral
Suka2 aja pakai uang rakyat tar muntah,suka2 aja pakai uang rakyat tar muntah,suka aja pakai uang rakyat tar muntah,negative
d saat rakyat susah pemerintah seenak jidatnya beli motor g jelas...itu bukan duit nenek moyang lu kepala BGN...rakyat harus bersatu.,d saat rakyat susah pemerintah seenak jidatnya beli motor g jelas...itu bukan duit nenek moyang lu kepala bgn...rakyat harus bersatu.,d saat rakyat susah pemerintah seenak jidatnya beli motor g jelas itu bukan duit nenek moyang lu kepala bgn rakyat harus bersatu,negative
Iya rakyat bersatu di medsos doang 😂..,iya rakyat bersatu di medsos doang 😂..,iya rakyat bersatu di medsos doang,negative
"Kalau ganti Presiden dan ganti kebijaksanaan ttg pelaksanaan MBG yg banyak menguras duit rakyat, mau dikemanakan sepeda motor sebanyak ini? <br><br>Kasihan benar para guru honorer dimana gaji yg diterimanya tidak seberapa dan harus jalan kaki/naik sepeda ketika mengajar di sekolah..","kalau ganti presiden dan ganti kebijaksanaan ttg pelaksanaan mbg yang banyak menguras duit rakyat, mau dikemanakan sepeda motor sebanyak ini? <br><br>kasihan benar para guru honorer dimana gaji yang diterimanya tidak seberapa dan harus jalan kaki/naik sepeda ketika mengajar di sekolah..",kalau ganti presiden dan ganti kebijaksanaan ttg pelaksanaan mbg yang banyak menguras duit rakyat mau dikemanakan sepeda motor sebanyak ini kasihan benar para guru honorer dimana gaji yang diterimanya tidak seberapa dan harus jalan kaki naik sepeda ketika mengajar di sekolah,negative
Sudah izin rakyat belum pak,sudah izin rakyat belum pak,sudah izin rakyat belum pak,neutral
Motor trail buat apa bambang.. Ahh elah..,motor trail buat apa bambang.. ahh elah..,motor trail buat apa bambang ahh elah,negative
Buat cek barang di pasar😂,buat cek barang di pasar😂,buat cek barang di pasar,neutral
Kapan Indonesia&#39;ku balik.,kapan indonesia&#39;ku balik.,kapan indonesia ku balik,negative
"Buat apa fasilitas motor MBG,,, GK habis Fikri,","buat apa fasilitas motor mbg,,, tidak habis fikri,",buat apa fasilitas motor mbg tidak habis fikri,negative
Yang gua bingung ini sistem SPPG itu gimana? Kalo rekanan kok bisa dikasih segala macam insentif dan Karyawannya jadi ASN. 😮😢,yang gua bingung ini sistem sppg itu gimana? kalo rekanan kok bisa dikasih segala macam insentif dan karyawannya jadi asn. 😮😢,yang gua bingung ini sistem sppg itu gimana kalo rekanan kok bisa dikasih segala macam insentif dan karyawannya jadi asn,negative
Bwat korupsi😂,buat korupsi😂,buat korupsi,negative
@rohadiboi3363 dikira gojek apa antar makanan satu-persatu wkwkkw😹😹,@rohadiboi3363 dikira gojek apa antar makanan satu-persatu wkwkkw😹😹,rohadiboi dikira gojek apa antar makanan satu persatu wkwkkw,negative
"Tapi Mentri Keuangan kaget tiba-tiba belanja, padahal tahun lalu udh ditolak 😅","tapi mentri keuangan kaget tiba-tiba belanja, padahal tahun lalu udh ditolak 😅",tapi mentri keuangan kaget tiba tiba belanja padahal tahun lalu udh ditolak,negative
"Sudah terlanjur jadi bibir,,eh kaget","sudah terlanjur jadi bibir,,eh kaget",sudah terlanjur jadi bibir eh kaget,negative
MBG BGN ADALAH PENJARAHAN YG DILEGALKAN,mbg bgn adalah penjarahan yang dilegalkan,mbg bgn adalah penjarahan yang dilegalkan,negative
"cuman 2 itu??? mana KDMP?<br><br><a href=""UCkszU2WH9gy1mb0dV-11UJg/KsIfY6LzFoLM6AKanYDQAg""></a>","cuman 2 itu??? mana kdmp?<br><br><a href=""uckszu2wh9gy1mb0dv-11ujg/ksify6lzfolm6akanydqag""></a>",cuman itu mana kdmp,negative
<b>Para kroni kroni sedang panen cuan dari MBG &amp; Kopdes abal abal. Korupsi sistematis yang aan membuat negara bangkrut dilegalkan secara terang terangan</b>,<b>para kroni kroni sedang panen cuan dari mbg &amp; kopdes abal abal. korupsi sistematis yang aan membuat negara bangkrut dilegalkan secara terang terangan</b>,para kroni kroni sedang panen cuan dari mbg amp kopdes abal abal korupsi sistematis yang aan membuat negara bangkrut dilegalkan secara terang terangan,negative
@ABDUH-nunu oke gas oke gas jogetin saja,@abduh-nunu oke gas oke gas jogetin saja,abduh nunu oke gas oke gas jogetin saja,negative
😂,😂,,negative
SUKA SUKA PENGATURANNYA,suka suka pengaturannya,suka suka pengaturannya,positive
Instansi paling besar anggaran  yang bergerak tanpa Undang-Undang. Sejarah di Republik Konoha ada Badan dengan anggaran gendut tanpa diatur UU.,instansi paling besar anggaran  yang bergerak tanpa undang-undang. sejarah di republik konoha ada badan dengan anggaran gendut tanpa diatur uu.,instansi paling besar anggaran yang bergerak tanpa undang undang sejarah di republik konoha ada badan dengan anggaran gendut tanpa diatur uu,negative
